"kön";"utbildningens inriktning";"ålder";"2005";"2006";"2007";"2008";"2009";"2010";"2011";"2012";"2013";"2014";"2015";"2016";"2017";"2018";"2019";"2020";"2021";"2022";"2023";"2024"
"totalt";"Totalt";"totalt";24789;29556;33684;36657;39417;41597;42484;40754;42596;44929;46633;47983;50373;52741;61393;75371;82753;84871;84560;87225
"totalt";"Totalt";"-24 år";9987;12301;13932;14916;15601;15910;15729;14522;14252;13498;12291;11277;10939;11486;13231;16118;17315;17951;18228;19116
"totalt";"Totalt";"25-29 år";5593;6381;7477;8461;9451;10097;10646;10594;11359;12192;13020;13398;14039;14441;16338;19463;20419;19968;18994;19106
"totalt";"Totalt";"30-34 år";3289;3722;4033;4314;4740;5186;5500;5426;5950;6761;7527;8237;9012;9631;11423;14605;16476;17107;16870;16913
"totalt";"Totalt";"35-39 år";2549;2967;3253;3470;3763;4003;4112;3832;4054;4504;5133;5639;6136;6520;7680;9578;10945;11589;11689;12327
"totalt";"Totalt";"40-44 år";1896;2231;2676;2840;2920;3133;3107;2983;3169;3524;3850;4137;4383;4467;5323;6453;7332;7576;7733;8053
"totalt";"Totalt";"45+ år";1473;1951;2309;2653;2940;3267;3388;3396;3812;4447;4810;5293;5864;6196;7398;9154;10266;10680;11046;11710
"totalt";"Totalt";"uppgift saknas";3;3;4;3;0;0;0;3;0;3;0;3;..;..;..;..;..;..;..;..
"totalt";"Data/It";"totalt";2587;2546;2797;2817;2857;2903;3160;3398;4054;4937;5812;6183;6210;5704;7086;10283;12852;14255;15162;16447
"totalt";"Data/It";"-24 år";1281;1328;1429;1369;1272;1218;1327;1374;1488;1619;1738;1531;1454;1412;1771;2322;2782;3163;3354;3613
"totalt";"Data/It";"25-29 år";584;525;614;657;740;760;825;898;1081;1369;1596;1666;1683;1656;2078;2970;3505;3822;4047;4289
"totalt";"Data/It";"30-34 år";308;306;304;317;352;385;444;498;633;791;1012;1219;1289;1214;1521;2398;3058;3428;3634;3932
"totalt";"Data/It";"35-39 år";198;173;199;210;220;240;257;291;361;475;632;761;798;698;904;1360;1779;2014;2181;2509
"totalt";"Data/It";"40-44 år";137;116;136;144;146;155;152;168;251;318;372;461;453;347;452;695;980;991;1095;1196
"totalt";"Data/It";"45+ år";79;98;115;120;127;145;155;169;240;365;462;545;533;377;360;538;748;837;851;908
"totalt";"Data/It";"uppgift saknas";..;..;..;..;..;..;..;..;..;..;..;..;..;..;..;..;..;..;..;..
"totalt";"Ekonomi, administration och försäljning";"totalt";6238;7582;8807;10264;11286;11905;12179;11946;12253;12261;11670;11529;12193;13797;15994;18491;18540;17818;17354;17380
"totalt";"Ekonomi, administration och försäljning";"-24 år";2189;2739;3304;3848;4224;4357;4216;3971;3883;3577;2846;2420;2390;2832;3528;4146;4165;4155;4106;4227
"totalt";"Ekonomi, administration och försäljning";"25-29 år";1536;1814;2065;2463;2821;3066;3274;3326;3514;3607;3649;3595;3703;4109;4527;5147;4976;4730;4370;4201
"totalt";"Ekonomi, administration och försäljning";"30-34 år";919;1055;1123;1286;1447;1584;1701;1750;1832;1999;1989;2087;2314;2624;3065;3663;3724;3585;3488;3358
"totalt";"Ekonomi, administration och försäljning";"35-39 år";731;911;1000;1113;1194;1241;1287;1221;1249;1272;1362;1445;1577;1761;2037;2444;2541;2466;2417;2369
"totalt";"Ekonomi, administration och försäljning";"40-44 år";522;615;756;864;847;885;923;877;907;915;920;971;1084;1178;1323;1396;1480;1400;1395;1434
"totalt";"Ekonomi, administration och försäljning";"45+ år";341;448;558;689;752;772;778;801;868;889;902;1009;1125;1293;1514;1695;1654;1482;1578;1791
"totalt";"Ekonomi, administration och försäljning";"uppgift saknas";..;..;3;0;0;..;..;..;..;0;3;3;..;..;..;..;..;..;..;..
"totalt";"Friskvård och kroppsvård";"totalt";481;738;883;993;1009;857;591;371;363;330;352;303;238;231;302;335;372;408;460;366
"totalt";"Friskvård och kroppsvård";"-24 år";168;271;356;413;411;377;274;183;174;148;138;107;70;71;89;99;115;117;128;103
"totalt";"Friskvård och kroppsvård";"25-29 år";122;189;215;248;264;218;158;116;104;99;100;87;93;93;115;112;127;139;134;84
"totalt";"Friskvård och kroppsvård";"30-34 år";56;87;92;95;91;76;53;27;35;28;46;39;24;23;32;52;57;68;77;67
"totalt";"Friskvård och kroppsvård";"35-39 år";49;87;102;80;84;66;38;19;19;18;26;30;16;11;23;30;24;31;44;39
"totalt";"Friskvård och kroppsvård";"40-44 år";54;48;52;63;63;53;34;20;18;21;18;18;16;11;16;17;22;21;29;25
"totalt";"Friskvård och kroppsvård";"45+ år";32;56;66;94;96;67;34;6;13;16;24;22;19;22;27;25;27;32;48;48
"totalt";"Friskvård och kroppsvård";"uppgift saknas";..;..;..;..;..;..;..;..;..;..;..;..;..;..;..;..;..;..;..;..
"totalt";"Hotell, restaurang och turism";"totalt";2223;2553;2906;3074;2965;2905;2888;2592;2525;2559;2606;2533;2534;2499;2718;3094;3314;3007;2753;2800
"totalt";"Hotell, restaurang och turism";"-24 år";1091;1399;1653;1715;1599;1472;1404;1173;1071;827;665;678;619;632;721;788;793;697;645;663
"totalt";"Hotell, restaurang och turism";"25-29 år";603;643;698;772;794;826;837;814;822;878;928;892;946;879;836;913;923;803;703;659
"totalt";"Hotell, restaurang och turism";"30-34 år";249;221;233;221;230;246;260;226;253;307;361;366;384;395;438;490;549;508;451;428
"totalt";"Hotell, restaurang och turism";"35-39 år";133;137;136;152;133;153;155;156;149;193;205;206;235;222;270;330;330;312;285;310
"totalt";"Hotell, restaurang och turism";"40-44 år";85;95;108;107;104;101;114;112;109;153;197;172;168;169;181;206;265;282;282;252
"totalt";"Hotell, restaurang och turism";"45+ år";62;57;77;106;105;107;118;111;121;200;250;219;182;202;272;367;454;405;387;488
"totalt";"Hotell, restaurang och turism";"uppgift saknas";..;0;3;3;..;..;..;..;0;3;..;..;..;..;..;..;..;..;..;..
"totalt";"Hälso- och sjukvård samt socialt arbete";"totalt";2992;3807;4200;4029;4091;4496;4656;4525;4965;5738;6023;6162;6727;7451;9031;10904;12052;12880;12521;11916
"totalt";"Hälso- och sjukvård samt socialt arbete";"-24 år";642;846;909;843;788;755;727;594;626;699;648;627;634;683;808;1041;1136;1224;1240;1192
"totalt";"Hälso- och sjukvård samt socialt arbete";"25-29 år";594;676;780;779;800;858;901;877;924;1093;1154;1135;1259;1378;1577;1812;1958;1976;1766;1581
"totalt";"Hälso- och sjukvård samt socialt arbete";"30-34 år";457;593;638;606;597;664;654;635;749;832;954;1062;1205;1356;1640;2039;2239;2318;2181;1994
"totalt";"Hälso- och sjukvård samt socialt arbete";"35-39 år";431;522;583;530;568;616;673;617;681;802;884;928;1011;1138;1359;1586;1829;2056;1966;1926
"totalt";"Hälso- och sjukvård samt socialt arbete";"40-44 år";411;528;608;595;573;640;639;657;717;828;844;831;891;973;1256;1459;1537;1666;1692;1654
"totalt";"Hälso- och sjukvård samt socialt arbete";"45+ år";457;642;682;676;765;963;1062;1145;1268;1484;1539;1579;1727;1923;2391;2967;3353;3640;3676;3569
"totalt";"Hälso- och sjukvård samt socialt arbete";"uppgift saknas";..;..;..;..;..;..;..;..;..;..;..;..;..;..;..;..;..;..;..;..
"totalt";"Journalistik och information";"totalt";114;101;114;159;213;256;299;277;413;621;649;723;802;833;904;967;936;823;752;646
"totalt";"Journalistik och information";"-24 år";46;34;35;48;58;59;68;72;113;144;126;125;150;156;202;221;201;202;173;128
"totalt";"Journalistik och information";"25-29 år";43;43;44;45;69;73;94;96;132;210;221;249;236;262;279;271;277;245;228;183
"totalt";"Journalistik och information";"30-34 år";15;13;13;24;27;37;42;38;63;98;111;118;124;121;155;179;176;177;156;121
"totalt";"Journalistik och information";"35-39 år";6;4;10;16;23;25;26;25;38;55;76;84;87;83;87;107;94;73;71;76
"totalt";"Journalistik och information";"40-44 år";4;5;5;9;14;32;39;24;33;49;52;59;72;74;65;67;74;48;39;39
"totalt";"Journalistik och information";"45+ år";..;3;7;17;22;30;30;22;34;65;63;88;133;137;116;122;114;78;85;99
"totalt";"Journalistik och information";"uppgift saknas";..;..;..;..;..;..;..;..;..;..;..;..;..;..;..;..;..;..;..;..
"totalt";"Juridik";"totalt";..;61;122;157;167;173;175;242;280;284;309;336;412;438;451;484;488;416;346;346
"totalt";"Juridik";"-24 år";..;26;43;43;35;41;50;64;57;36;46;55;64;97;126;147;137;110;105;103
"totalt";"Juridik";"25-29 år";..;13;34;50;66;54;52;67;97;99;106;99;128;115;104;118;104;87;76;86
"totalt";"Juridik";"30-34 år";..;6;18;31;28;30;29;58;65;76;72;79;90;90;92;82;84;74;55;51
"totalt";"Juridik";"35-39 år";..;7;11;14;19;24;26;26;32;36;37;43;45;55;42;50;58;49;39;37
"totalt";"Juridik";"40-44 år";..;3;10;14;13;16;11;22;19;20;31;34;41;48;56;42;38;34;29;31
"totalt";"Juridik";"45+ år";..;6;6;5;6;8;7;5;10;17;17;26;44;33;31;45;67;62;42;38
"totalt";"Juridik";"uppgift saknas";..;..;..;..;..;..;..;..;..;..;..;..;..;..;..;..;..;..;..;..
"totalt";"Kultur, media och design";"totalt";2803;2938;2893;2993;2952;2791;2567;2363;2509;2627;2769;2770;2865;2904;3016;3432;3916;4223;4457;4636
"totalt";"Kultur, media och design";"-24 år";1549;1698;1665;1681;1595;1390;1264;1181;1247;1222;1186;1110;1070;1046;1040;1220;1343;1477;1649;1664
"totalt";"Kultur, media och design";"25-29 år";711;710;712;759;810;845;798;749;782;846;908;970;1032;1032;1118;1207;1317;1319;1280;1331
"totalt";"Kultur, media och design";"30-34 år";288;264;248;284;289;284;270;225;255;298;367;348;371;410;492;576;712;767;779;782
"totalt";"Kultur, media och design";"35-39 år";138;140;129;134;121;130;118;98;110;121;140;152;172;194;169;201;244;293;335;395
"totalt";"Kultur, media och design";"40-44 år";63;59;73;69;74;68;54;59;56;71;86;95;96;94;86;112;138;163;183;204
"totalt";"Kultur, media och design";"45+ år";53;67;66;66;63;74;62;50;59;69;82;95;124;128;111;116;162;204;231;260
"totalt";"Kultur, media och design";"uppgift saknas";0;..;..;..;..;..;0;3;..;..;..;..;..;..;..;..;..;..;..;..
"totalt";"Lantbruk, djurvård, trädgård, skog och fiske";"totalt";920;1341;1538;1502;1549;1704;1654;1461;1355;1251;1307;1407;1442;1360;1416;1613;1810;1950;2091;2346
"totalt";"Lantbruk, djurvård, trädgård, skog och fiske";"-24 år";359;556;602;590;674;777;718;580;504;457;428;389;324;300;276;326;337;359;389;447
"totalt";"Lantbruk, djurvård, trädgård, skog och fiske";"25-29 år";175;247;307;293;280;303;319;313;323;290;349;346;324;301;317;339;357;341;331;375
"totalt";"Lantbruk, djurvård, trädgård, skog och fiske";"30-34 år";121;153;179;169;159;163;161;133;138;148;156;194;221;187;235;284;336;362;380;385
"totalt";"Lantbruk, djurvård, trädgård, skog och fiske";"35-39 år";114;155;160;151;162;157;147;127;104;95;100;127;156;166;175;204;260;307;323;361
"totalt";"Lantbruk, djurvård, trädgård, skog och fiske";"40-44 år";83;138;162;155;129;142;148;139;126;113;116;148;150;127;134;154;202;218;224;274
"totalt";"Lantbruk, djurvård, trädgård, skog och fiske";"45+ år";68;92;128;144;145;162;161;169;160;148;158;203;267;279;279;306;318;363;444;504
"totalt";"Lantbruk, djurvård, trädgård, skog och fiske";"uppgift saknas";..;..;..;..;..;..;..;..;..;..;..;..;..;..;..;..;..;..;..;..
"totalt";"Pedagogik och undervisning";"totalt";16;103;186;220;250;462;660;454;424;485;422;534;654;861;1289;1528;1806;1976;1510;1095
"totalt";"Pedagogik och undervisning";"-24 år";3;14;23;22;32;89;124;81;104;124;102;91;108;112;111;150;192;214;115;92
"totalt";"Pedagogik och undervisning";"25-29 år";3;16;27;38;54;89;148;116;107;111;94;125;158;166;228;233;283;271;221;150
"totalt";"Pedagogik och undervisning";"30-34 år";4;19;41;43;36;76;104;73;49;56;52;84;93;134;197;250;266;317;253;165
"totalt";"Pedagogik och undervisning";"35-39 år";3;21;28;37;49;63;87;60;65;64;54;64;91;121;207;229;276;333;247;173
"totalt";"Pedagogik och undervisning";"40-44 år";0;13;29;35;41;70;87;49;40;51;51;74;76;123;188;220;241;290;224;158
"totalt";"Pedagogik och undervisning";"45+ år";3;20;38;45;38;75;110;75;59;79;69;96;128;205;358;446;548;551;450;357
"totalt";"Pedagogik och undervisning";"uppgift saknas";..;..;..;..;..;..;..;..;..;..;..;..;..;..;..;..;..;..;..;..
"totalt";"Samhällsbyggnad och byggteknik";"totalt";1406;1947;2388;2641;3183;3540;3918;4363;4743;4969;5512;6066;6831;7534;9019;11547;12744;13038;12561;13129
"totalt";"Samhällsbyggnad och byggteknik";"-24 år";488;776;931;976;1134;1232;1373;1469;1426;1265;1220;1184;1283;1542;1886;2390;2532;2637;2611;2765
"totalt";"Samhällsbyggnad och byggteknik";"25-29 år";284;389;529;667;808;903;1050;1143;1341;1478;1670;1783;2004;2133;2580;3166;3333;3105;2718;2806
"totalt";"Samhällsbyggnad och byggteknik";"30-34 år";188;232;308;303;398;494;590;662;719;836;1006;1183;1370;1481;1753;2368;2710;2874;2737;2677
"totalt";"Samhällsbyggnad och byggteknik";"35-39 år";184;211;216;270;333;359;349;414;485;558;662;785;879;1019;1185;1529;1788;1876;1899;2053
"totalt";"Samhällsbyggnad och byggteknik";"40-44 år";128;177;214;210;257;274;282;332;383;420;502;572;607;632;746;1007;1150;1245;1203;1258
"totalt";"Samhällsbyggnad och byggteknik";"45+ år";133;161;190;215;253;278;274;343;389;412;452;559;688;727;869;1087;1231;1301;1393;1570
"totalt";"Samhällsbyggnad och byggteknik";"uppgift saknas";0;0;..;..;..;..;..;..;..;..;..;..;..;..;..;..;..;..;..;..
"totalt";"Säkerhetstjänster";"totalt";267;425;565;626;629;544;459;370;336;350;378;375;275;284;408;579;594;763;833;830
"totalt";"Säkerhetstjänster";"-24 år";115;170;190;209;175;115;101;92;71;43;19;12;12;19;22;35;41;45;53;63
"totalt";"Säkerhetstjänster";"25-29 år";61;112;171;187;184;170;145;126;105;83;65;76;53;68;106;100;95;126;120;122
"totalt";"Säkerhetstjänster";"30-34 år";44;65;78;93;88;96;84;62;58;73;95;72;51;51;70;104;107;152;181;164
"totalt";"Säkerhetstjänster";"35-39 år";25;36;59;68;85;72;49;35;37;57;67;75;58;45;71;106;120;157;187;188
"totalt";"Säkerhetstjänster";"40-44 år";8;18;40;42;56;50;41;25;30;49;62;62;40;37;59;96;90;111;118;113
"totalt";"Säkerhetstjänster";"45+ år";14;24;27;27;41;41;39;30;35;45;70;78;61;64;80;138;141;172;174;180
"totalt";"Säkerhetstjänster";"uppgift saknas";..;..;..;..;..;..;..;..;..;..;..;..;..;..;..;..;..;..;..;..
"totalt";"Teknik och tillverkning";"totalt";3920;4310;4928;5563;6511;7142;7334;6731;7036;7328;7387;7259;7058;6839;7763;9931;11279;11309;11709;13226
"totalt";"Teknik och tillverkning";"-24 år";1804;2098;2395;2689;3107;3469;3506;3213;3092;2994;2754;2521;2289;2187;2261;2779;3109;3118;3184;3598
"totalt";"Teknik och tillverkning";"25-29 år";714;787;975;1115;1330;1458;1544;1485;1662;1691;1754;1815;1806;1699;1948;2505;2641;2548;2564;2826
"totalt";"Teknik och tillverkning";"30-34 år";496;513;530;605;745;755;815;780;873;1024;1060;1087;1105;1165;1341;1707;2062;2083;2127;2427
"totalt";"Teknik och tillverkning";"35-39 år";415;401;433;478;541;608;648;551;578;642;725;738;745;740;889;1156;1363;1393;1444;1640
"totalt";"Teknik och tillverkning";"40-44 år";305;300;346;360;417;457;403;363;379;411;472;483;499;471;612;802;961;934;1031;1214
"totalt";"Teknik och tillverkning";"45+ år";186;211;249;316;371;395;418;339;452;566;622;615;614;577;712;982;1143;1233;1359;1521
"totalt";"Teknik och tillverkning";"uppgift saknas";..;..;..;..;..;..;..;..;..;..;..;..;..;..;..;..;..;..;..;..
"totalt";"Transporttjänster";"totalt";822;1104;1357;1590;1696;1859;1845;1487;1116;941;1190;1544;1850;1749;1673;1757;1573;1490;1618;1691
"totalt";"Transporttjänster";"-24 år";252;346;397;468;493;555;554;421;328;286;325;386;436;365;354;398;360;365;425;411
"totalt";"Transporttjänster";"25-29 år";163;217;306;384;422;469;483;426;308;268;353;496;555;495;447;481;422;362;354;342
"totalt";"Transporttjänster";"30-34 år";144;195;228;233;244;287;285;236;183;149;201;258;322;328;332;326;287;271;286;299
"totalt";"Transporttjänster";"35-39 år";122;162;187;211;223;238;234;171;127;89;134;163;227;235;210;192;174;160;190;200
"totalt";"Transporttjänster";"40-44 år";95;116;137;168;177;181;167;120;84;81;102;124;151;147;121;135;113;121;131;143
"totalt";"Transporttjänster";"45+ år";46;67;100;125;136;128;121;113;86;68;75;117;159;179;209;225;217;211;232;296
"totalt";"Transporttjänster";"uppgift saknas";..;0;3;3;3;0;0;..;..;..;..;..;..;..;..;..;..;..;..;..
"totalt";"Övrigt";"totalt";..;..;..;29;59;60;99;174;224;248;247;259;282;257;323;426;477;515;433;371
"totalt";"Övrigt";"-24 år";..;..;..;0;4;4;23;54;68;57;50;41;36;32;36;56;72;68;51;47
"totalt";"Övrigt";"25-29 år";..;..;..;4;9;5;18;42;57;70;73;64;59;55;78;89;101;94;82;71
"totalt";"Övrigt";"30-34 år";..;..;..;4;9;9;8;23;45;46;45;41;49;52;60;87;109;123;85;63
"totalt";"Övrigt";"35-39 år";..;..;..;6;8;11;18;21;19;27;29;38;39;32;52;54;65;69;61;51
"totalt";"Övrigt";"40-44 år";..;..;..;5;9;9;13;16;17;24;25;33;39;36;28;45;41;52;58;58
"totalt";"Övrigt";"45+ år";..;..;..;8;20;22;19;18;18;24;25;42;60;50;69;95;89;109;96;81
"totalt";"Övrigt";"uppgift saknas";..;..;..;..;..;..;..;..;..;..;..;..;..;..;..;..;..;..;..;..
"kvinnor";"Totalt";"totalt";12995;15895;18385;20276;21154;21708;21718;20943;22016;23418;24225;25055;26757;28875;33745;40788;44090;45221;44266;44504
"kvinnor";"Totalt";"-24 år";4404;5573;6555;7239;7360;7200;6922;6334;6250;5861;5196;4794;4721;5124;5917;7120;7372;7425;7459;7684
"kvinnor";"Totalt";"25-29 år";2973;3366;3911;4438;4845;5020;5187;5204;5652;6170;6609;6723;7131;7591;8473;9952;10349;10090;9259;8986
"kvinnor";"Totalt";"30-34 år";1846;2197;2356;2500;2644;2835;2871;2849;3105;3515;3920;4356;4845;5358;6458;8109;8983;9354;9071;8766
"kvinnor";"Totalt";"35-39 år";1582;1923;2152;2300;2369;2423;2457;2267;2420;2682;2957;3211;3542;3845;4494;5542;6219;6767;6733;6954
"kvinnor";"Totalt";"40-44 år";1216;1508;1847;1982;1958;2052;2039;1981;2010;2255;2393;2537;2713;2789;3355;3906;4369;4527;4588;4716
"kvinnor";"Totalt";"45+ år";974;1327;1563;1816;1977;2177;2240;2307;2579;2933;3148;3432;3805;4168;5048;6159;6798;7058;7156;7398
"kvinnor";"Totalt";"uppgift saknas";..;0;0;3;0;3;3;0;..;3;0;3;..;..;..;..;..;..;..;..
"kvinnor";"Data/It";"totalt";388;339;378;422;465;477;506;628;822;1066;1305;1446;1486;1352;1784;2922;3777;4317;4590;5009
"kvinnor";"Data/It";"-24 år";122;125;130;129;135;137;163;196;208;237;242;191;182;184;250;386;466;522;574;617
"kvinnor";"Data/It";"25-29 år";82;52;77;95;109;113;105;136;192;266;337;343;383;394;519;808;1033;1156;1185;1269
"kvinnor";"Data/It";"30-34 år";62;60;61;62;74;82;82;102;138;189;251;322;325;329;478;810;998;1162;1251;1347
"kvinnor";"Data/It";"35-39 år";60;38;52;62;55;55;69;80;105;139;185;230;244;200;258;456;620;772;868;984
"kvinnor";"Data/It";"40-44 år";40;37;35;43;48;46;38;56;84;107;136;161;162;117;156;259;372;372;404;470
"kvinnor";"Data/It";"45+ år";22;27;23;31;44;44;49;58;95;128;154;199;190;128;123;203;288;333;308;322
"kvinnor";"Data/It";"uppgift saknas";..;..;..;..;..;..;..;..;..;..;..;..;..;..;..;..;..;..;..;..
"kvinnor";"Ekonomi, administration och försäljning";"totalt";4241;5223;6146;7243;7899;8294;8480;8356;8645;8709;8520;8719;9394;10476;11849;13458;13404;12691;12322;12373
"kvinnor";"Ekonomi, administration och försäljning";"-24 år";1392;1733;2130;2533;2758;2831;2729;2580;2503;2247;1799;1623;1632;1869;2251;2604;2546;2433;2382;2491
"kvinnor";"Ekonomi, administration och försäljning";"25-29 år";973;1160;1347;1618;1854;2004;2168;2199;2422;2525;2568;2550;2680;2957;3209;3618;3489;3286;2980;2863
"kvinnor";"Ekonomi, administration och försäljning";"30-34 år";655;776;805;938;1069;1144;1226;1282;1322;1466;1528;1658;1871;2082;2419;2848;2912;2756;2658;2543
"kvinnor";"Ekonomi, administration och försäljning";"35-39 år";551;704;795;902;951;984;988;943;991;1026;1116;1205;1335;1477;1637;1909;1967;1908;1888;1883
"kvinnor";"Ekonomi, administration och försäljning";"40-44 år";411;485;615;698;681;722;752;706;693;721;763;825;920;991;1079;1092;1165;1109;1124;1128
"kvinnor";"Ekonomi, administration och försäljning";"45+ år";259;365;454;554;586;609;617;646;714;722;744;856;956;1100;1254;1387;1325;1199;1290;1465
"kvinnor";"Ekonomi, administration och försäljning";"uppgift saknas";..;..;..;..;..;..;..;..;..;3;3;0;..;..;..;..;..;..;..;..
"kvinnor";"Friskvård och kroppsvård";"totalt";404;629;769;872;877;721;490;319;316;278;295;253;212;215;277;307;348;389;428;342
"kvinnor";"Friskvård och kroppsvård";"-24 år";133;223;311;363;356;306;220;161;150;125;116;88;61;63;78;87;104;108;120;98
"kvinnor";"Friskvård och kroppsvård";"25-29 år";103;158;179;212;223;184;133;100;95;84;84;75;84;89;110;104;118;133;125;79
"kvinnor";"Friskvård och kroppsvård";"30-34 år";52;79;80;83;82;65;45;21;30;24;35;27;20;22;29;50;55;65;67;58
"kvinnor";"Friskvård och kroppsvård";"35-39 år";46;79;90;73;75;57;34;15;14;13;23;29;14;10;21;29;24;31;42;36
"kvinnor";"Friskvård och kroppsvård";"40-44 år";48;43;49;57;56;49;29;18;17;20;16;15;15;10;15;16;22;20;26;24
"kvinnor";"Friskvård och kroppsvård";"45+ år";22;47;60;84;85;60;29;4;10;12;21;19;18;21;24;21;25;32;48;47
"kvinnor";"Friskvård och kroppsvård";"uppgift saknas";..;..;..;..;..;..;..;..;..;..;..;..;..;..;..;..;..;..;..;..
"kvinnor";"Hotell, restaurang och turism";"totalt";1719;1944;2211;2355;2249;2174;2160;1961;1914;1966;2009;1946;1950;1934;2110;2387;2514;2293;2111;2143
"kvinnor";"Hotell, restaurang och turism";"-24 år";873;1077;1270;1346;1234;1100;1043;882;812;635;517;524;481;500;569;612;609;530;485;503
"kvinnor";"Hotell, restaurang och turism";"25-29 år";467;486;523;561;573;614;624;612;614;687;738;699;749;687;649;713;726;626;547;504
"kvinnor";"Hotell, restaurang och turism";"30-34 år";167;159;170;152;163;181;188;169;191;222;259;258;272;286;324;350;396;384;344;332
"kvinnor";"Hotell, restaurang och turism";"35-39 år";100;106;105;123;101;113;123;115;107;137;141;146;167;171;213;258;235;233;220;237
"kvinnor";"Hotell, restaurang och turism";"40-44 år";59;73;85;86;92;80;89;94;85;121;155;139;132;124;134;151;197;218;229;197
"kvinnor";"Hotell, restaurang och turism";"45+ år";53;42;57;86;86;86;93;89;105;164;199;180;149;166;221;303;351;302;286;370
"kvinnor";"Hotell, restaurang och turism";"uppgift saknas";..;3;0;0;..;..;..;..;..;..;..;..;..;..;..;..;..;..;..;..
"kvinnor";"Hälso- och sjukvård samt socialt arbete";"totalt";2536;3254;3603;3477;3502;3914;4107;4072;4462;5172;5364;5522;6037;6714;8134;9793;10777;11520;11110;10534
"kvinnor";"Hälso- och sjukvård samt socialt arbete";"-24 år";536;719;774;718;649;644;632;535;556;624;587;574;574;608;713;908;997;1086;1067;1048
"kvinnor";"Hälso- och sjukvård samt socialt arbete";"25-29 år";497;563;648;643;666;704;760;756;805;968;1008;996;1109;1223;1383;1595;1681;1706;1519;1315
"kvinnor";"Hälso- och sjukvård samt socialt arbete";"30-34 år";379;499;545;519;493;565;554;556;651;732;823;938;1084;1220;1472;1822;1999;2071;1934;1760
"kvinnor";"Hälso- och sjukvård samt socialt arbete";"35-39 år";373;453;509;465;488;551;604;553;611;732;784;824;897;1017;1211;1415;1625;1844;1759;1722
"kvinnor";"Hälso- och sjukvård samt socialt arbete";"40-44 år";349;461;541;545;521;573;588;616;666;758;765;756;803;884;1134;1326;1396;1491;1496;1467
"kvinnor";"Hälso- och sjukvård samt socialt arbete";"45+ år";402;559;586;587;685;877;969;1056;1173;1358;1397;1434;1570;1762;2221;2727;3079;3322;3335;3222
"kvinnor";"Hälso- och sjukvård samt socialt arbete";"uppgift saknas";..;..;..;..;..;..;..;..;..;..;..;..;..;..;..;..;..;..;..;..
"kvinnor";"Journalistik och information";"totalt";68;56;63;86;116;162;181;159;260;398;430;511;600;622;671;733;706;634;578;506
"kvinnor";"Journalistik och information";"-24 år";24;18;15;22;30;33;33;42;75;94;84;90;110;125;161;175;155;159;137;99
"kvinnor";"Journalistik och information";"25-29 år";25;23;24;22;37;47;58;47;75;130;144;171;174;189;208;209;216;186;171;149
"kvinnor";"Journalistik och information";"30-34 år";12;8;7;14;14;26;27;19;41;63;68;75;84;91;104;132;125;137;127;96
"kvinnor";"Journalistik och information";"35-39 år";4;3;9;11;15;16;18;17;25;38;54;61;68;57;65;76;75;56;53;62
"kvinnor";"Journalistik och information";"40-44 år";3;3;3;5;8;20;25;17;24;32;35;46;60;53;46;52;57;39;32;30
"kvinnor";"Journalistik och information";"45+ år";..;0;5;12;12;20;20;17;20;41;45;68;104;107;87;89;78;57;58;70
"kvinnor";"Journalistik och information";"uppgift saknas";..;..;..;..;..;..;..;..;..;..;..;..;..;..;..;..;..;..;..;..
"kvinnor";"Juridik";"totalt";..;55;109;141;157;158;155;218;258;256;276;299;366;379;395;424;430;364;307;308
"kvinnor";"Juridik";"-24 år";..;21;36;36;33;40;46;60;52;32;41;49;52;82;112;133;124;97;93;93
"kvinnor";"Juridik";"25-29 år";..;12;31;45;62;46;42;58;87;87;91;85;117;101;87;104;95;79;69;76
"kvinnor";"Juridik";"30-34 år";..;6;16;29;26;27;26;53;61;71;65;73;79;78;85;73;71;63;49;46
"kvinnor";"Juridik";"35-39 år";..;7;11;13;17;22;24;22;30;34;37;41;42;49;37;43;53;43;33;30
"kvinnor";"Juridik";"40-44 år";..;3;9;13;13;15;10;20;19;17;27;31;39;42;49;35;28;30;27;29
"kvinnor";"Juridik";"45+ år";..;6;6;5;6;8;7;5;9;15;15;20;37;27;25;36;59;52;36;34
"kvinnor";"Juridik";"uppgift saknas";..;..;..;..;..;..;..;..;..;..;..;..;..;..;..;..;..;..;..;..
"kvinnor";"Kultur, media och design";"totalt";1160;1218;1281;1398;1384;1296;1153;1071;1204;1333;1453;1405;1415;1483;1548;1793;2101;2276;2372;2453
"kvinnor";"Kultur, media och design";"-24 år";569;635;672;726;723;645;573;544;626;656;624;544;516;531;555;642;702;755;854;861
"kvinnor";"Kultur, media och design";"25-29 år";334;310;302;345;360;346;310;299;342;392;476;484;483;513;550;642;724;734;678;715
"kvinnor";"Kultur, media och design";"30-34 år";120;119;124;149;144;137;127;100;112;137;179;182;206;223;254;289;385;414;417;391
"kvinnor";"Kultur, media och design";"35-39 år";80;80;83;80;70;78;65;51;54;63;76;82;85;95;79;103;126;161;181;213
"kvinnor";"Kultur, media och design";"40-44 år";26;38;54;50;42;37;35;36;32;41;44;49;46;45;44;49;70;81;95;117
"kvinnor";"Kultur, media och design";"45+ år";31;36;46;48;45;53;42;40;38;44;54;64;79;76;66;68;94;131;147;156
"kvinnor";"Kultur, media och design";"uppgift saknas";..;..;..;..;..;..;3;3;..;..;..;..;..;..;..;..;..;..;..;..
"kvinnor";"Lantbruk, djurvård, trädgård, skog och fiske";"totalt";584;810;996;1010;1028;1096;1037;860;786;774;838;928;952;899;941;1079;1225;1366;1474;1656
"kvinnor";"Lantbruk, djurvård, trädgård, skog och fiske";"-24 år";163;248;323;354;399;457;429;322;269;276;279;259;221;196;186;211;217;239;266;309
"kvinnor";"Lantbruk, djurvård, trädgård, skog och fiske";"25-29 år";121;165;199;181;183;193;198;182;189;173;228;231;218;207;222;237;239;222;223;256
"kvinnor";"Lantbruk, djurvård, trädgård, skog och fiske";"30-34 år";80;101;121;112;107;104;107;83;82;92;95;129;131;113;139;177;225;257;266;267
"kvinnor";"Lantbruk, djurvård, trädgård, skog och fiske";"35-39 år";93;120;130;122;118;114;90;73;64;61;65;76;97;100;110;130;177;220;227;257
"kvinnor";"Lantbruk, djurvård, trädgård, skog och fiske";"40-44 år";67;105;124;129;111;107;104;93;80;80;74;100;97;85;83;103;136;159;173;201
"kvinnor";"Lantbruk, djurvård, trädgård, skog och fiske";"45+ år";60;71;99;112;110;121;109;107;102;92;97;133;188;198;201;221;231;269;319;366
"kvinnor";"Lantbruk, djurvård, trädgård, skog och fiske";"uppgift saknas";..;..;..;..;..;..;..;..;..;..;..;..;..;..;..;..;..;..;..;..
"kvinnor";"Pedagogik och undervisning";"totalt";16;94;166;201;226;275;323;207;213;229;177;236;318;494;853;1039;1236;1350;959;593
"kvinnor";"Pedagogik och undervisning";"-24 år";3;11;18;19;27;47;64;46;69;70;49;41;46;52;67;99;131;141;75;44
"kvinnor";"Pedagogik och undervisning";"25-29 år";3;14;23;34;46;59;77;57;55;63;46;60;75;85;128;136;177;168;134;79
"kvinnor";"Pedagogik och undervisning";"30-34 år";4;18;37;39;33;42;50;29;21;18;18;35;49;79;126;155;175;216;164;100
"kvinnor";"Pedagogik och undervisning";"35-39 år";3;18;25;35;46;42;41;27;27;26;22;31;44;83;155;185;210;243;157;95
"kvinnor";"Pedagogik och undervisning";"40-44 år";0;13;26;31;38;43;43;21;16;21;20;32;40;74;132;148;170;210;152;94
"kvinnor";"Pedagogik och undervisning";"45+ år";3;20;37;43;36;42;48;27;25;31;22;37;64;121;245;316;373;372;277;181
"kvinnor";"Pedagogik och undervisning";"uppgift saknas";..;..;..;..;..;..;..;..;..;..;..;..;..;..;..;..;..;..;..;..
"kvinnor";"Samhällsbyggnad och byggteknik";"totalt";357;459;559;677;724;724;787;988;1179;1244;1350;1492;1730;2051;2661;3619;4123;4388;4224;4383
"kvinnor";"Samhällsbyggnad och byggteknik";"-24 år";87;122;170;207;217;197;235;291;315;278;261;245;307;390;454;636;646;693;690;720
"kvinnor";"Samhällsbyggnad och byggteknik";"25-29 år";63;82;114;167;190;188;181;217;287;318;363;419;454;537;709;933;1041;991;840;847
"kvinnor";"Samhällsbyggnad och byggteknik";"30-34 år";58;75;79;71;81;99;118;144;177;205;245;275;349;430;574;803;933;1059;1016;973
"kvinnor";"Samhällsbyggnad och byggteknik";"35-39 år";61;82;68;92;90;93;99;115;142;165;185;224;254;299;381;525;640;726;719;800
"kvinnor";"Samhällsbyggnad och byggteknik";"40-44 år";50;62;87;79;77;80;78;115;127;153;154;171;181;177;259;365;434;455;452;497
"kvinnor";"Samhällsbyggnad och byggteknik";"45+ år";38;36;41;61;69;67;76;106;131;125;142;158;185;218;284;357;429;464;507;546
"kvinnor";"Samhällsbyggnad och byggteknik";"uppgift saknas";..;..;..;..;..;..;..;..;..;..;..;..;..;..;..;..;..;..;..;..
"kvinnor";"Säkerhetstjänster";"totalt";90;152;203;213;202;161;141;123;112;138;171;169;121;109;163;261;281;354;395;394
"kvinnor";"Säkerhetstjänster";"-24 år";29;42;55;62;48;31;29;25;17;10;8;4;4;7;11;19;17;18;21;20
"kvinnor";"Säkerhetstjänster";"25-29 år";20;35;51;51;46;34;34;37;28;27;30;29;18;25;46;53;47;64;61;56
"kvinnor";"Säkerhetstjänster";"30-34 år";25;35;38;37;33;34;24;18;16;29;45;35;22;18;24;43;56;70;87;85
"kvinnor";"Säkerhetstjänster";"35-39 år";8;17;23;32;36;26;19;15;14;22;28;31;29;20;28;44;56;77;97;96
"kvinnor";"Säkerhetstjänster";"40-44 år";3;9;20;22;23;20;16;12;16;27;27;32;19;11;22;42;45;49;52;56
"kvinnor";"Säkerhetstjänster";"45+ år";6;14;16;9;16;16;19;16;21;23;33;38;29;28;32;60;60;76;77;81
"kvinnor";"Säkerhetstjänster";"uppgift saknas";..;..;..;..;..;..;..;..;..;..;..;..;..;..;..;..;..;..;..;..
"kvinnor";"Teknik och tillverkning";"totalt";1061;1153;1257;1390;1489;1428;1393;1271;1267;1373;1517;1480;1377;1391;1626;2158;2376;2479;2625;3095
"kvinnor";"Teknik och tillverkning";"-24 år";376;450;479;512;547;525;516;474;454;453;458;420;393;405;395;472;516;511;556;656
"kvinnor";"Teknik och tillverkning";"25-29 år";208;219;260;291;315;306;293;298;292;319;351;386;352;368;449;589;568;573;563;637
"kvinnor";"Teknik och tillverkning";"30-34 år";167;168;176;186;194;184;184;164;169;182;223;245;212;235;283;398;492;515;546;645
"kvinnor";"Teknik och tillverkning";"35-39 år";139;135;150;168;180;154;162;147;158;171;179;156;166;162;191;271;306;347;373;436
"kvinnor";"Teknik och tillverkning";"40-44 år";109;109;111;127;143;156;132;103;100;113;129;114;113;97;139;183;213;211;244;314
"kvinnor";"Teknik och tillverkning";"45+ år";62;72;81;106;110;103;106;85;94;135;177;159;141;124;169;245;281;322;343;407
"kvinnor";"Teknik och tillverkning";"uppgift saknas";..;..;..;..;..;..;..;..;..;..;..;..;..;..;..;..;..;..;..;..
"kvinnor";"Transporttjänster";"totalt";371;509;644;764;785;778;724;584;425;311;359;480;610;589;550;572;510;481;495;478
"kvinnor";"Transporttjänster";"-24 år";97;149;172;211;202;204;194;147;105;91;101;115;119;90;96;109;104;95;112;96
"kvinnor";"Transporttjänster";"25-29 år";77;87;133;169;173;178;186;170;132;86;96;155;196;180;154;156;139;111;111;103
"kvinnor";"Transporttjänster";"30-34 år";65;94;97;105;123;137;106;91;60;48;60;79;110;121;115;113;104;111;95;84
"kvinnor";"Transporttjänster";"35-39 år";64;81;102;117;120;110;107;76;60;34;42;50;75;83;78;68;66;64;72;66
"kvinnor";"Transporttjänster";"40-44 år";51;68;88;92;97;96;89;63;42;30;34;48;60;56;49;56;36;47;43;50
"kvinnor";"Transporttjänster";"45+ år";17;30;52;70;69;52;41;37;26;22;26;33;50;59;58;70;61;53;62;79
"kvinnor";"Transporttjänster";"uppgift saknas";..;..;..;..;3;3;3;..;..;..;..;..;..;..;..;..;..;..;..;..
"kvinnor";"Övrigt";"totalt";..;..;..;27;51;50;81;126;153;171;161;169;189;167;183;243;282;319;276;237
"kvinnor";"Övrigt";"-24 år";..;..;..;3;0;3;16;29;39;33;30;27;23;22;19;27;38;38;27;29
"kvinnor";"Övrigt";"25-29 år";..;..;..;4;8;4;18;36;37;45;49;40;39;36;50;55;56;55;53;38
"kvinnor";"Övrigt";"30-34 år";..;..;..;4;8;8;7;18;34;37;26;25;31;31;32;46;57;74;50;39
"kvinnor";"Övrigt";"35-39 år";..;..;..;5;7;8;14;18;18;21;20;25;25;22;30;30;39;42;44;37
"kvinnor";"Övrigt";"40-44 år";..;..;..;5;8;8;11;11;9;14;14;18;26;23;14;29;28;36;39;42
"kvinnor";"Övrigt";"45+ år";..;..;..;8;18;19;15;14;16;21;22;34;45;33;38;56;64;74;63;52
"kvinnor";"Övrigt";"uppgift saknas";..;..;..;..;..;..;..;..;..;..;..;..;..;..;..;..;..;..;..;..
"män";"Totalt";"totalt";11794;13661;15299;16381;18263;19889;20766;19811;20580;21511;22408;22928;23616;23866;27648;34583;38663;39650;40294;42721
"män";"Totalt";"-24 år";5583;6728;7377;7677;8241;8710;8807;8188;8002;7637;7095;6483;6218;6362;7314;8998;9943;10526;10769;11432
"män";"Totalt";"25-29 år";2620;3015;3566;4023;4606;5077;5459;5390;5707;6022;6411;6675;6908;6850;7865;9511;10070;9878;9735;10120
"män";"Totalt";"30-34 år";1443;1525;1677;1814;2096;2351;2629;2577;2845;3246;3607;3881;4167;4273;4965;6496;7493;7753;7799;8147
"män";"Totalt";"35-39 år";967;1044;1101;1170;1394;1580;1655;1565;1634;1822;2176;2428;2594;2675;3186;4036;4726;4822;4956;5373
"män";"Totalt";"40-44 år";680;723;829;858;962;1081;1068;1002;1159;1269;1457;1600;1670;1678;1968;2547;2963;3049;3145;3337
"män";"Totalt";"45+ år";499;624;746;837;963;1090;1148;1089;1233;1514;1662;1861;2059;2028;2350;2995;3468;3622;3890;4312
"män";"Totalt";"uppgift saknas";3;3;3;3;0;..;..;..;0;0;..;..;..;..;..;..;..;..;..;..
"män";"Data/It";"totalt";2199;2207;2419;2395;2392;2426;2654;2770;3232;3871;4507;4737;4724;4352;5302;7361;9075;9938;10572;11438
"män";"Data/It";"-24 år";1159;1203;1299;1240;1137;1081;1164;1178;1280;1382;1496;1340;1272;1228;1521;1936;2316;2641;2780;2996
"män";"Data/It";"25-29 år";502;473;537;562;631;647;720;762;889;1103;1259;1323;1300;1262;1559;2162;2472;2666;2862;3020
"män";"Data/It";"30-34 år";246;246;243;255;278;303;362;396;495;602;761;897;964;885;1043;1588;2060;2266;2383;2585
"män";"Data/It";"35-39 år";138;135;147;148;165;185;188;211;256;336;447;531;554;498;646;904;1159;1242;1313;1525
"män";"Data/It";"40-44 år";97;79;101;101;98;109;114;112;167;211;236;300;291;230;296;436;608;619;691;726
"män";"Data/It";"45+ år";57;71;92;89;83;101;106;111;145;237;308;346;343;249;237;335;460;504;543;586
"män";"Data/It";"uppgift saknas";..;..;..;..;..;..;..;..;..;..;..;..;..;..;..;..;..;..;..;..
"män";"Ekonomi, administration och försäljning";"totalt";1997;2359;2661;3021;3387;3611;3699;3590;3608;3552;3150;2810;2799;3321;4145;5033;5136;5127;5032;5007
"män";"Ekonomi, administration och försäljning";"-24 år";797;1006;1174;1315;1466;1526;1487;1391;1380;1330;1047;797;758;963;1277;1542;1619;1722;1724;1736
"män";"Ekonomi, administration och försäljning";"25-29 år";563;654;718;845;967;1062;1106;1127;1092;1082;1081;1045;1023;1152;1318;1529;1487;1444;1390;1338
"män";"Ekonomi, administration och försäljning";"30-34 år";264;279;318;348;378;440;475;468;510;533;461;429;443;542;646;815;812;829;830;815
"män";"Ekonomi, administration och försäljning";"35-39 år";180;207;205;211;243;257;299;278;258;246;246;240;242;284;400;535;574;558;529;486
"män";"Ekonomi, administration och försäljning";"40-44 år";111;130;141;166;166;163;171;171;214;194;157;146;164;187;244;304;315;291;271;306
"män";"Ekonomi, administration och försäljning";"45+ år";82;83;104;135;166;163;161;155;154;167;158;153;169;193;260;308;329;283;288;326
"män";"Ekonomi, administration och försäljning";"uppgift saknas";..;..;0;0;3;..;..;..;..;..;..;..;..;..;..;..;..;..;..;..
"män";"Friskvård och kroppsvård";"totalt";77;109;114;121;132;136;101;52;47;52;57;50;26;16;25;28;24;19;32;24
"män";"Friskvård och kroppsvård";"-24 år";35;48;45;50;55;71;54;22;24;23;22;19;9;8;11;12;11;9;8;5
"män";"Friskvård och kroppsvård";"25-29 år";19;31;36;36;41;34;25;16;9;15;16;12;9;4;5;8;9;6;9;5
"män";"Friskvård och kroppsvård";"30-34 år";4;8;12;12;9;11;8;6;5;4;11;12;4;0;3;0;3;3;10;9
"män";"Friskvård och kroppsvård";"35-39 år";3;8;12;7;9;9;4;4;5;5;3;0;3;3;3;0;..;..;3;3
"män";"Friskvård och kroppsvård";"40-44 år";6;5;3;6;7;4;5;0;0;0;3;3;0;0;0;0;0;0;3;0
"män";"Friskvård och kroppsvård";"45+ år";10;9;6;10;11;7;5;0;3;4;3;3;3;0;3;4;3;..;..;0
"män";"Friskvård och kroppsvård";"uppgift saknas";..;..;..;..;..;..;..;..;..;..;..;..;..;..;..;..;..;..;..;..
"män";"Hotell, restaurang och turism";"totalt";504;609;695;719;716;731;728;631;611;593;597;587;584;565;608;707;800;714;642;657
"män";"Hotell, restaurang och turism";"-24 år";218;322;383;369;365;372;361;291;259;192;148;154;138;132;152;176;184;167;160;160
"män";"Hotell, restaurang och turism";"25-29 år";136;157;175;211;221;212;213;202;208;191;190;193;197;192;187;200;197;177;156;155
"män";"Hotell, restaurang och turism";"30-34 år";82;62;63;69;67;65;72;57;62;85;102;108;112;109;114;140;153;124;107;96
"män";"Hotell, restaurang och turism";"35-39 år";33;31;31;29;32;40;32;41;42;56;64;60;68;51;57;72;95;79;65;73
"män";"Hotell, restaurang och turism";"40-44 år";26;22;23;21;12;21;25;18;24;32;42;33;36;45;47;55;68;64;53;55
"män";"Hotell, restaurang och turism";"45+ år";9;15;20;20;19;21;25;22;16;36;51;39;33;36;51;64;103;103;101;118
"män";"Hotell, restaurang och turism";"uppgift saknas";..;..;..;..;..;..;..;..;0;3;..;..;..;..;..;..;..;..;..;..
"män";"Hälso- och sjukvård samt socialt arbete";"totalt";456;553;597;552;589;582;549;453;503;566;659;640;690;737;897;1111;1275;1360;1411;1382
"män";"Hälso- och sjukvård samt socialt arbete";"-24 år";106;127;135;125;139;111;95;59;70;75;61;53;60;75;95;133;139;138;173;144
"män";"Hälso- och sjukvård samt socialt arbete";"25-29 år";97;113;132;136;134;154;141;121;119;125;146;139;150;155;194;217;277;270;247;266
"män";"Hälso- och sjukvård samt socialt arbete";"30-34 år";78;94;93;87;104;99;100;79;98;100;131;124;121;136;168;217;240;247;247;234
"män";"Hälso- och sjukvård samt socialt arbete";"35-39 år";58;69;74;65;80;65;69;64;70;70;100;104;114;121;148;171;204;212;207;204
"män";"Hälso- och sjukvård samt socialt arbete";"40-44 år";62;67;67;50;52;67;51;41;51;70;79;75;88;89;122;133;141;175;196;187
"män";"Hälso- och sjukvård samt socialt arbete";"45+ år";55;83;96;89;80;86;93;89;95;126;142;145;157;161;170;240;274;318;341;347
"män";"Hälso- och sjukvård samt socialt arbete";"uppgift saknas";..;..;..;..;..;..;..;..;..;..;..;..;..;..;..;..;..;..;..;..
"män";"Journalistik och information";"totalt";46;45;51;73;97;94;118;118;153;223;219;212;202;211;233;234;230;189;174;140
"män";"Journalistik och information";"-24 år";22;16;20;26;28;26;35;30;38;50;42;35;40;31;41;46;46;43;36;29
"män";"Journalistik och information";"25-29 år";18;20;20;23;32;26;36;49;57;80;77;78;62;73;71;62;61;59;57;34
"män";"Journalistik och information";"30-34 år";3;5;6;10;13;11;15;19;22;35;43;43;40;30;51;47;51;40;29;25
"män";"Journalistik och information";"35-39 år";0;0;0;5;8;9;8;8;13;17;22;23;19;26;22;31;19;17;18;14
"män";"Journalistik och information";"40-44 år";0;3;3;4;6;12;14;7;9;17;17;13;12;21;19;15;17;9;7;9
"män";"Journalistik och information";"45+ år";..;..;0;5;10;10;10;5;14;24;18;20;29;30;29;33;36;21;27;29
"män";"Journalistik och information";"uppgift saknas";..;..;..;..;..;..;..;..;..;..;..;..;..;..;..;..;..;..;..;..
"män";"Juridik";"totalt";..;6;13;16;10;15;20;24;22;28;33;37;46;59;56;60;58;52;39;38
"män";"Juridik";"-24 år";..;5;7;7;3;3;4;4;5;4;5;6;12;15;14;14;13;13;12;10
"män";"Juridik";"25-29 år";..;0;3;5;4;8;10;9;10;12;15;14;11;14;17;14;9;8;7;10
"män";"Juridik";"30-34 år";..;..;0;3;3;3;3;5;4;5;7;6;11;12;7;9;13;11;6;5
"män";"Juridik";"35-39 år";..;..;..;0;3;3;3;4;0;3;..;3;3;6;5;7;5;6;6;7
"män";"Juridik";"40-44 år";..;..;0;3;0;0;0;3;..;3;4;3;0;6;7;7;10;4;3;3
"män";"Juridik";"45+ år";..;..;..;..;..;..;..;..;3;3;3;6;7;6;6;9;8;10;6;4
"män";"Juridik";"uppgift saknas";..;..;..;..;..;..;..;..;..;..;..;..;..;..;..;..;..;..;..;..
"män";"Kultur, media och design";"totalt";1643;1720;1612;1595;1568;1495;1414;1292;1305;1294;1316;1365;1450;1421;1468;1639;1815;1947;2085;2183
"män";"Kultur, media och design";"-24 år";980;1063;993;955;872;745;691;637;621;566;562;566;554;515;485;578;641;722;795;803
"män";"Kultur, media och design";"25-29 år";377;400;410;414;450;499;488;450;440;454;432;486;549;519;568;565;593;585;602;616
"män";"Kultur, media och design";"30-34 år";168;145;124;135;145;147;143;125;143;161;188;166;165;187;238;287;327;353;362;391
"män";"Kultur, media och design";"35-39 år";58;60;46;54;51;52;53;47;56;58;64;70;87;99;90;98;118;132;154;182
"män";"Kultur, media och design";"40-44 år";37;21;19;19;32;31;19;23;24;30;42;46;50;49;42;63;68;82;88;87
"män";"Kultur, media och design";"45+ år";22;31;20;18;18;21;20;10;21;25;28;31;45;52;45;48;68;73;84;104
"män";"Kultur, media och design";"uppgift saknas";0;..;..;..;..;..;..;..;..;..;..;..;..;..;..;..;..;..;..;..
"män";"Lantbruk, djurvård, trädgård, skog och fiske";"totalt";336;531;542;492;521;608;617;601;569;477;469;479;490;461;475;534;585;584;617;690
"män";"Lantbruk, djurvård, trädgård, skog och fiske";"-24 år";196;308;279;236;275;320;289;258;235;181;149;130;103;104;90;115;120;120;123;138
"män";"Lantbruk, djurvård, trädgård, skog och fiske";"25-29 år";54;82;108;112;97;110;121;131;134;117;121;115;106;94;95;102;118;119;108;119
"män";"Lantbruk, djurvård, trädgård, skog och fiske";"30-34 år";41;52;58;57;52;59;54;50;56;56;61;65;90;74;96;107;111;105;114;118
"män";"Lantbruk, djurvård, trädgård, skog och fiske";"35-39 år";21;35;30;29;44;43;57;54;40;34;35;51;59;66;65;74;83;87;96;104
"män";"Lantbruk, djurvård, trädgård, skog och fiske";"40-44 år";16;33;38;26;18;35;44;46;46;33;42;48;53;42;51;51;66;59;51;73
"män";"Lantbruk, djurvård, trädgård, skog och fiske";"45+ år";8;21;29;32;35;41;52;62;58;56;61;70;79;81;78;85;87;94;125;138
"män";"Lantbruk, djurvård, trädgård, skog och fiske";"uppgift saknas";..;..;..;..;..;..;..;..;..;..;..;..;..;..;..;..;..;..;..;..
"män";"Pedagogik och undervisning";"totalt";..;9;20;19;24;187;337;247;211;256;245;298;336;367;436;489;570;626;551;502
"män";"Pedagogik och undervisning";"-24 år";..;3;5;3;5;42;60;35;35;54;53;50;62;60;44;51;61;73;40;48
"män";"Pedagogik och undervisning";"25-29 år";..;3;4;4;8;30;71;59;52;48;48;65;83;81;100;97;106;103;87;71
"män";"Pedagogik och undervisning";"30-34 år";..;0;4;4;3;34;54;44;28;38;34;49;44;55;71;95;91;101;89;65
"män";"Pedagogik och undervisning";"35-39 år";..;3;3;3;3;21;46;33;38;38;32;33;47;38;52;44;66;90;90;78
"män";"Pedagogik och undervisning";"40-44 år";..;..;3;4;3;27;44;28;24;30;31;42;36;49;56;72;71;80;72;64
"män";"Pedagogik och undervisning";"45+ år";..;..;0;0;3;33;62;48;34;48;47;59;64;84;113;130;175;179;173;176
"män";"Pedagogik och undervisning";"uppgift saknas";..;..;..;..;..;..;..;..;..;..;..;..;..;..;..;..;..;..;..;..
"män";"Samhällsbyggnad och byggteknik";"totalt";1049;1488;1829;1964;2459;2816;3131;3375;3564;3725;4162;4574;5101;5483;6358;7928;8621;8650;8337;8746
"män";"Samhällsbyggnad och byggteknik";"-24 år";401;654;761;769;917;1035;1138;1178;1111;987;959;939;976;1152;1432;1754;1886;1944;1921;2045
"män";"Samhällsbyggnad och byggteknik";"25-29 år";221;307;415;500;618;715;869;926;1054;1160;1307;1364;1550;1596;1871;2233;2292;2114;1878;1959
"män";"Samhällsbyggnad och byggteknik";"30-34 år";130;157;229;232;317;395;472;518;542;631;761;908;1021;1051;1179;1565;1777;1815;1721;1704
"män";"Samhällsbyggnad och byggteknik";"35-39 år";123;129;148;178;243;266;250;299;343;393;477;561;625;720;804;1004;1148;1150;1180;1253
"män";"Samhällsbyggnad och byggteknik";"40-44 år";78;115;127;131;180;194;204;217;256;267;348;401;426;455;487;642;716;790;751;761
"män";"Samhällsbyggnad och byggteknik";"45+ år";95;125;149;154;184;211;198;237;258;287;310;401;503;509;585;730;802;837;886;1024
"män";"Samhällsbyggnad och byggteknik";"uppgift saknas";0;0;..;..;..;..;..;..;..;..;..;..;..;..;..;..;..;..;..;..
"män";"Säkerhetstjänster";"totalt";177;273;362;413;427;383;318;247;224;212;207;206;154;175;245;318;313;409;438;436
"män";"Säkerhetstjänster";"-24 år";86;128;135;147;127;84;72;67;54;33;11;8;8;12;11;16;24;27;32;43
"män";"Säkerhetstjänster";"25-29 år";41;77;120;136;138;136;111;89;77;56;35;47;35;43;60;47;48;62;59;66
"män";"Säkerhetstjänster";"30-34 år";19;30;40;56;55;62;60;44;42;44;50;37;29;33;46;61;51;82;94;79
"män";"Säkerhetstjänster";"35-39 år";17;19;36;36;49;46;30;20;23;35;39;44;29;25;43;62;64;80;90;92
"män";"Säkerhetstjänster";"40-44 år";6;9;20;20;33;30;25;13;14;22;35;30;21;26;37;54;45;62;66;57
"män";"Säkerhetstjänster";"45+ år";8;10;11;18;25;25;20;14;14;22;37;40;32;36;48;78;81;96;97;99
"män";"Säkerhetstjänster";"uppgift saknas";..;..;..;..;..;..;..;..;..;..;..;..;..;..;..;..;..;..;..;..
"män";"Teknik och tillverkning";"totalt";2859;3157;3671;4173;5022;5714;5941;5460;5769;5955;5870;5779;5681;5448;6137;7773;8903;8830;9084;10131
"män";"Teknik och tillverkning";"-24 år";1428;1648;1916;2177;2560;2944;2990;2739;2638;2541;2296;2101;1896;1782;1866;2307;2593;2607;2628;2942
"män";"Teknik och tillverkning";"25-29 år";506;568;715;824;1015;1152;1251;1187;1370;1372;1403;1429;1454;1331;1499;1916;2073;1975;2001;2189
"män";"Teknik och tillverkning";"30-34 år";329;345;354;419;551;571;631;616;704;842;837;842;893;930;1058;1309;1570;1568;1581;1782
"män";"Teknik och tillverkning";"35-39 år";276;266;283;310;361;454;486;404;420;471;546;582;579;578;698;885;1057;1046;1071;1204
"män";"Teknik och tillverkning";"40-44 år";196;191;235;233;274;301;271;260;279;298;343;369;386;374;473;619;748;723;787;900
"män";"Teknik och tillverkning";"45+ år";124;139;168;210;261;292;312;254;358;431;445;456;473;453;543;737;862;911;1016;1114
"män";"Teknik och tillverkning";"uppgift saknas";..;..;..;..;..;..;..;..;..;..;..;..;..;..;..;..;..;..;..;..
"män";"Transporttjänster";"totalt";451;595;713;826;911;1081;1121;903;691;630;831;1064;1240;1160;1123;1185;1063;1009;1123;1213
"män";"Transporttjänster";"-24 år";155;197;225;257;291;351;360;274;223;195;224;271;317;275;258;289;256;270;313;315
"män";"Transporttjänster";"25-29 år";86;130;173;215;249;291;297;256;176;182;257;341;359;315;293;325;283;251;243;239
"män";"Transporttjänster";"30-34 år";79;101;131;128;121;150;179;145;123;101;141;179;212;207;217;213;183;160;191;215
"män";"Transporttjänster";"35-39 år";58;81;85;94;103;128;127;95;67;55;92;113;152;152;132;124;108;96;118;134
"män";"Transporttjänster";"40-44 år";44;48;49;76;80;85;78;57;42;51;68;76;91;91;72;79;77;74;88;93
"män";"Transporttjänster";"45+ år";29;37;48;55;67;76;80;76;60;46;49;84;109;120;151;155;156;158;170;217
"män";"Transporttjänster";"uppgift saknas";..;0;3;3;..;..;..;..;..;..;..;..;..;..;..;..;..;..;..;..
"män";"Övrigt";"totalt";..;..;..;3;8;10;18;48;71;77;86;90;93;90;140;183;195;196;157;134
"män";"Övrigt";"-24 år";..;..;..;3;3;0;7;25;29;24;20;14;13;10;17;29;34;30;24;18
"män";"Övrigt";"25-29 år";..;..;..;..;3;0;..;6;20;25;24;24;20;19;28;34;45;39;29;33
"män";"Övrigt";"30-34 år";..;..;..;..;3;0;0;5;11;9;19;16;18;21;28;41;52;49;35;24
"män";"Övrigt";"35-39 år";..;..;..;0;0;3;4;3;3;6;9;13;14;10;22;24;26;27;17;14
"män";"Övrigt";"40-44 år";..;..;..;..;0;3;3;5;8;10;11;15;13;13;14;16;13;16;19;16
"män";"Övrigt";"45+ år";..;..;..;..;3;3;4;4;0;3;3;8;15;17;31;39;25;35;33;29
"män";"Övrigt";"uppgift saknas";..;..;..;..;..;..;..;..;..;..;..;..;..;..;..;..;..;..;..;..
