,Anordnare namn,Utbildningsområde,Totalt beviljade platser 2020,Totalt beviljade platser 2021,Totalt beviljade platser 2022,Totalt beviljade platser 2023,Totalt beviljade platser 2024,Totalt beviljade platser 2025
0,ABF Göteborg Vuxenutbildning AB,Pedagogik och undervisning,30,60,60,90,0,0
1,AGSTU AB,Data/IT,0,0,15,30,40,10
2,AGSTU AB,Teknik och tillverkning,40,20,20,30,0,0
3,ALEA Kompetenshöjning AB,"Ekonomi, administration och försäljning",0,0,0,0,20,20
4,ALEA Kompetenshöjning AB,Samhällsbyggnad och byggteknik,0,0,15,30,75,45
5,ALEA Kompetenshöjning AB,Teknik och tillverkning,0,0,0,20,80,40
6,AVT AB,Teknik och tillverkning,0,0,0,0,30,30
7,Amsac AB,Teknik och tillverkning,0,0,0,0,25,25
8,Amsac AB,Transporttjänster,0,0,0,0,0,0
9,"Arboga kommun, Vuxenutbildningen",Teknik och tillverkning,30,30,0,0,0,0
10,Arena Utbildning,Hälso- och sjukvård samt socialt arbete,0,0,100,20,0,0
11,Arvika Kommun,Hälso- och sjukvård samt socialt arbete,0,30,30,0,0,0
12,Blue Peak AB,"Ekonomi, administration och försäljning",0,0,0,80,260,150
13,Borås Stad - Borås Yrkeshögskola,Data/IT,20,20,0,0,0,0
14,Borås Stad - Borås Yrkeshögskola,"Ekonomi, administration och försäljning",60,60,90,0,0,0
15,Borås Stad - Borås Yrkeshögskola,Teknik och tillverkning,20,20,0,0,0,0
16,Borås Stad - Yrkeshögskola i Borås,"Ekonomi, administration och försäljning",0,0,60,120,0,0
17,Borås Stad - Yrkeshögskolan i Borås,Data/IT,0,0,0,0,20,0
18,Borås Stad - Yrkeshögskolan i Borås,"Ekonomi, administration och försäljning",0,0,0,120,0,0
19,Borås Stad - Yrkeshögskolan i Borås,Hälso- och sjukvård samt socialt arbete,0,0,0,55,0,0
20,Borås Stad - Yrkeshögskolan i Borås,Pedagogik och undervisning,0,0,0,27,0,0
21,Borås Stad - Yrkeshögskolan i Borås,Teknik och tillverkning,0,0,0,50,100,0
22,Båstad kommun Akademi Båstad,"Ekonomi, administration och försäljning",0,30,60,30,0,0
23,Båstad kommun Akademi Båstad,"Hotell, restaurang och turism",60,0,0,55,60,0
24,Båstad kommun Akademi Båstad,Hälso- och sjukvård samt socialt arbete,0,0,0,60,0,0
25,Båstad kommun Akademi Båstad,"Lantbruk, djurvård, trädgård, skog och fiske",25,55,100,120,60,0
26,Båstads kommun Akademi Båstad,"Ekonomi, administration och försäljning",0,0,0,0,0,0
27,Båstads kommun Akademi Båstad,"Hotell, restaurang och turism",0,0,0,0,0,0
28,Båstads kommun Akademi Båstad,Hälso- och sjukvård samt socialt arbete,0,0,0,0,0,0
29,Campus Ljungby AB,Teknik och tillverkning,0,15,30,20,20,10
30,Campus Mölndal,Data/IT,150,230,60,0,0,0
31,Campus Mölndal,Hälso- och sjukvård samt socialt arbete,0,0,20,50,50,0
32,Campus Mölndal,Pedagogik och undervisning,25,0,0,0,0,0
33,Campus Nyköping,"Ekonomi, administration och försäljning",20,20,25,35,0,0
34,Campus Nyköping,"Hotell, restaurang och turism",30,30,0,0,0,0
35,Campus Nyköping,Hälso- och sjukvård samt socialt arbete,30,80,70,0,100,0
36,Campus Nyköping,"Lantbruk, djurvård, trädgård, skog och fiske",0,0,0,0,24,0
37,Campus Nyköping,Samhällsbyggnad och byggteknik,0,0,75,105,155,0
38,Campus Nynäshamn,Hälso- och sjukvård samt socialt arbete,0,0,0,40,50,50
39,Campus Nynäshamn,Pedagogik och undervisning,0,0,0,40,90,50
40,Campus Nynäshamn,Teknik och tillverkning,0,0,40,80,0,0
41,Campus Varberg/Varbergs kommun,Data/IT,40,0,0,0,0,0
42,Changemaker Educations AB,Data/IT,120,120,0,0,0,0
43,Changemaker Educations AB,"Ekonomi, administration och försäljning",30,0,0,0,0,0
44,Changemaker Educations AB,"Hotell, restaurang och turism",0,0,0,20,0,0
45,Changemaker Educations AB,"Kultur, media och design",30,60,0,0,0,0
46,Chas Academy AB,Data/IT,30,0,30,65,0,0
47,Creando Training AB – Creando School,Teknik och tillverkning,90,90,0,0,0,0
48,EC Utbildning AB,Data/IT,85,25,0,0,0,0
49,EC Utbildning AB,Teknik och tillverkning,64,0,0,0,0,0
50,EC Utbildning AB Göteborg,Data/IT,0,0,0,0,35,35
51,EC Utbildning AB Malmö,Data/IT,0,0,0,30,35,35
52,EC Utbildning AB Stockholm,Data/IT,0,0,35,70,0,0
53,EC Utbildning AB Örebro,Data/IT,0,0,0,35,0,0
54,East Sweden Business School AB,"Ekonomi, administration och försäljning",0,0,0,0,40,40
55,East Sweden Business School AB,Samhällsbyggnad och byggteknik,0,0,0,0,40,40
56,EdUP Group AB,"Ekonomi, administration och försäljning",0,0,0,35,40,40
57,EdUP Group AB,Samhällsbyggnad och byggteknik,0,0,0,0,0,0
58,Edugrade AB,Data/IT,20,0,0,0,50,50
59,Elevera Education Group,"Ekonomi, administration och försäljning",0,0,0,0,40,40
60,"Enköpings kommun, Yrkeshögskolan i Enköping","Lantbruk, djurvård, trädgård, skog och fiske",0,0,20,70,0,0
61,Fastighetsakademin Sverige AB,Samhällsbyggnad och byggteknik,0,0,0,0,80,80
62,Folkuniversitetet - Kursverksamheten vid Lunds Universitet,Hälso- och sjukvård samt socialt arbete,0,0,0,40,40,40
63,Folkuniversitetet - Kursverksamheten vid Lunds Universitet,Teknik och tillverkning,20,0,0,40,40,40
64,Folkuniversitetet - Kursverksamheten vid Stockholms universitet,"Ekonomi, administration och försäljning",0,0,20,20,0,0
65,Folkuniversitetet - Stiftelsen Kursverksamheten vid Uppsala universitetet,Data/IT,25,0,0,44,0,0
66,Folkuniversitetet - Stiftelsen Kursverksamheten vid Uppsala universitetet,"Ekonomi, administration och försäljning",0,60,110,85,0,0
67,Folkuniversitetet - Stiftelsen Kursverksamheten vid Uppsala universitetet,Hälso- och sjukvård samt socialt arbete,0,30,60,120,120,80
68,Folkuniversitetet - Stiftelsen Kursverksamheten vid Uppsala universitetet,Samhällsbyggnad och byggteknik,0,15,30,20,0,0
69,Folkuniversitetet - Stiftelsen Kursverksamheten vid Uppsala universitetet,Säkerhetstjänster,0,0,30,60,0,0
70,Folkuniversitetet - Stiftelsen Kursverksamheten vid Uppsala universitetet,Teknik och tillverkning,0,0,0,0,50,50
71,Folkuniversitetet Kursverksamheten vid Göteborgs universitet,Data/IT,0,50,50,0,35,35
72,Folkuniversitetet – Kursverksamheten vid Umeå Universitet,Samhällsbyggnad och byggteknik,0,0,0,20,20,20
73,Folkuniversitetet – Kursverksamheten vid Umeå Universitet,Transporttjänster,40,80,0,0,0,0
74,Folkuniversitetet- stiftelsen kursverksamheten vid Uppsala universitet,Samhällsbyggnad och byggteknik,20,20,0,0,0,0
75,Fordonsakademin Sverige AB,"Ekonomi, administration och försäljning",0,0,0,15,45,15
76,Funka Academy AB,Journalistik och information,0,0,0,0,0,0
77,Företagsekonomiska Institutet 1888 AB,Data/IT,0,0,0,0,50,50
78,Företagsekonomiska Institutet 1888 AB,"Ekonomi, administration och försäljning",0,0,0,80,0,0
79,Företagsekonomiska Institutet 1888 AB,"Hotell, restaurang och turism",0,0,0,80,0,0
80,Företagsekonomiska Institutet 1888 AB,Säkerhetstjänster,0,0,0,0,0,0
81,Företagsuniversitetet AB,Data/IT,0,30,120,255,290,70
82,Företagsuniversitetet AB,"Ekonomi, administration och försäljning",0,35,100,170,210,60
83,Företagsuniversitetet AB,Säkerhetstjänster,99,158,120,230,180,0
84,Gislaveds Kommun Vuxenutbildningen /Hph,Hälso- och sjukvård samt socialt arbete,20,20,0,75,0,0
85,Gislaveds Kommun Vuxenutbildningen /Hph,Teknik och tillverkning,20,20,0,25,0,0
86,Grit Academy,Data/IT,0,0,0,0,0,0
87,Grit Academy AB,Data/IT,0,0,0,30,0,0
88,Grit Academy AB,"Ekonomi, administration och försäljning",0,0,0,90,0,0
89,Gunnebo Slott och Trädgårdar AB,"Lantbruk, djurvård, trädgård, skog och fiske",25,0,25,25,25,50
90,"Göteborgs Stad, Yrgo",Data/IT,0,0,0,0,0,0
91,"Göteborgs Stad, Yrgo","Ekonomi, administration och försäljning",0,28,28,28,28,0
92,"Göteborgs Stad, Yrgo",Hälso- och sjukvård samt socialt arbete,40,0,75,100,0,0
93,"Göteborgs Stad, Yrgo",Journalistik och information,0,0,30,60,0,0
94,"Göteborgs Stad, Yrgo",Juridik,0,0,0,0,0,0
95,"Göteborgs Stad, Yrgo",Pedagogik och undervisning,0,0,0,80,25,0
96,"Göteborgs Stad, Yrgo",Samhällsbyggnad och byggteknik,0,20,80,0,0,0
97,"Göteborgs Stad, Yrgo",Säkerhetstjänster,0,0,0,30,25,25
98,"Göteborgs Stad, Yrgo",Teknik och tillverkning,90,50,90,110,20,20
99,"Göteborgs Stad, Yrgo",Transporttjänster,0,25,50,25,0,0
100,Göteborgs Tekniska College AB,Data/IT,40,160,0,0,0,0
101,Göteborgs Tekniska College AB,Teknik och tillverkning,50,60,140,140,220,100
102,"Göteborgs stad, Yrgo",Data/IT,50,0,0,0,0,0
103,"Göteborgs stad, Yrgo","Ekonomi, administration och försäljning",25,0,0,0,0,0
104,"Göteborgs stad, Yrgo","Hotell, restaurang och turism",25,0,0,0,0,0
105,"Göteborgs stad, Yrgo",Hälso- och sjukvård samt socialt arbete,40,0,0,0,0,0
106,"Göteborgs stad, Yrgo",Samhällsbyggnad och byggteknik,20,40,0,0,0,0
107,"Göteborgs stad, Yrgo",Teknik och tillverkning,30,0,0,0,0,0
108,"Göteborgs stad, Yrgo",Transporttjänster,50,0,0,0,0,0
109,Handelsakademin i Göteborg AB,Data/IT,0,35,70,40,160,120
110,Handelsakademin i Göteborg AB,"Ekonomi, administration och försäljning",0,0,0,40,40,0
111,Handelsakademin i Göteborg AB,Samhällsbyggnad och byggteknik,0,0,35,110,80,40
112,"Haninge kommun, Centrum Vux","Ekonomi, administration och försäljning",50,0,0,0,0,0
113,Hantverksakademin i Sverige AB,"Ekonomi, administration och försäljning",0,0,0,8,0,0
114,Hermods AB,Teknik och tillverkning,60,0,0,0,0,0
115,Hermods AB Göteborg,"Ekonomi, administration och försäljning",0,0,0,60,0,0
116,Hermods AB Göteborg,Pedagogik och undervisning,0,0,0,30,0,0
117,Hermods AB Göteborg,Samhällsbyggnad och byggteknik,0,0,0,30,0,0
118,Hermods AB Göteborg,Teknik och tillverkning,0,0,30,150,0,0
119,Hermods AB Helsingborg,"Ekonomi, administration och försäljning",0,0,30,30,0,0
120,Hermods AB Helsingborg,Samhällsbyggnad och byggteknik,0,30,30,0,0,0
121,Hermods AB Karlskrona,"Ekonomi, administration och försäljning",0,0,0,30,0,0
122,Hermods AB Karlskrona,Hälso- och sjukvård samt socialt arbete,0,0,0,60,60,30
123,Hermods AB Karlskrona,Samhällsbyggnad och byggteknik,0,0,0,60,0,0
124,Hermods AB Malmö,Teknik och tillverkning,0,0,0,30,30,0
125,Hermods AB Stockholm,Data/IT,0,0,0,30,0,0
126,Hermods AB Stockholm,"Lantbruk, djurvård, trädgård, skog och fiske",0,0,30,90,0,0
127,Hermods AB Stockholm,Samhällsbyggnad och byggteknik,0,0,0,60,60,30
128,Hermods AB Stockholm,Säkerhetstjänster,0,0,0,30,0,0
129,Hermods AB Umeå,Samhällsbyggnad och byggteknik,0,0,0,30,0,0
130,Hermods AB Umeå,Teknik och tillverkning,0,0,0,60,30,30
131,Hermods AB Örebro,Data/IT,0,0,0,60,30,30
132,Hermods AB Örebro,Samhällsbyggnad och byggteknik,0,0,0,60,0,0
133,Hermods AB Örebro,Teknik och tillverkning,0,0,0,0,30,30
134,Hermods AB Östersund,"Ekonomi, administration och försäljning",0,0,0,30,0,0
135,Hermods AB Östersund,Hälso- och sjukvård samt socialt arbete,0,0,0,30,0,0
136,Hermods AB Östersund,Samhällsbyggnad och byggteknik,0,0,30,30,0,0
137,Hyper Island Program AB,Data/IT,40,80,0,0,0,0
138,Hyper Island Program AB,"Ekonomi, administration och försäljning",40,80,0,0,0,0
139,Hyper Island Program AB - Karlskrona,Data/IT,0,0,0,55,110,55
140,Hyper Island Program AB - Karlskrona,"Ekonomi, administration och försäljning",200,0,55,110,160,110
141,Hyper Island Program AB - Stockholm,Data/IT,0,0,0,0,50,50
142,Hyper Island Program AB - Stockholm,"Ekonomi, administration och försäljning",0,0,0,0,60,0
143,"Härryda kommun, Yrkeshögskolan i Mölnlycke","Ekonomi, administration och försäljning",0,0,0,30,0,0
144,Högskolan Kristianstad Uppdrag AB,Hälso- och sjukvård samt socialt arbete,0,0,0,40,0,0
145,Högskolan för lärande och kommunikation i Jönköping AB,Hälso- och sjukvård samt socialt arbete,28,28,0,0,0,0
146,IHM Business School AB Göteborg,Data/IT,0,0,0,0,40,40
147,IHM Business School AB Göteborg,"Ekonomi, administration och försäljning",105,230,475,500,980,780
148,IHM Business School AB Göteborg,"Hotell, restaurang och turism",60,70,140,140,80,40
149,IHM Business School AB Göteborg,Journalistik och information,0,0,0,0,0,0
150,IHM Business School AB Malmö,Data/IT,30,0,0,0,0,0
151,IHM Business School AB Malmö,"Ekonomi, administration och försäljning",0,0,75,190,120,0
152,IHM Business School AB Stockholm,"Ekonomi, administration och försäljning",70,50,115,390,80,0
153,IHM Business School AB Stockholm,"Hotell, restaurang och turism",0,0,0,40,40,0
154,IHM Business School AB Stockholm,Journalistik och information,0,0,0,40,40,0
155,INSU AB,Samhällsbyggnad och byggteknik,70,140,70,70,70,120
156,INSU AB,Teknik och tillverkning,0,0,0,0,0,50
157,IT-Högskolan Stockholm AB,Data/IT,80,50,0,45,50,0
158,IT-Högskolan Stockholm AB,"Ekonomi, administration och försäljning",0,0,0,50,0,0
159,IT-Högskolan Stockholm AB,Juridik,0,0,0,0,0,0
160,IT-Högskolan Sverige AB,Data/IT,45,20,40,305,440,180
161,IT-Högskolan Sverige AB,"Ekonomi, administration och försäljning",0,0,0,0,0,0
162,"ITH, Institutet För Tillämpad Hydraulik",Teknik och tillverkning,0,0,0,0,25,25
163,Idé & Resurscentrum i Ljungby AB,Teknik och tillverkning,0,8,18,0,0,0
164,Idéutvecklarna AB,"Hotell, restaurang och turism",0,0,0,0,60,60
165,Iris Hadar AB,"Lantbruk, djurvård, trädgård, skog och fiske",0,0,0,0,0,0
166,Iris Hadar AB,Samhällsbyggnad och byggteknik,0,0,0,30,0,0
167,Iterum Education,"Ekonomi, administration och försäljning",70,70,0,0,0,0
168,Iterum Education AB,"Ekonomi, administration och försäljning",0,0,0,70,35,35
169,JAG Utbildning AB,"Ekonomi, administration och försäljning",0,30,60,30,30,30
170,JAG Utbildning AB,Hälso- och sjukvård samt socialt arbete,0,0,0,180,0,0
171,JENSEN Education School AB,"Ekonomi, administration och försäljning",0,0,0,35,105,70
172,JENSEN Education School AB,Samhällsbyggnad och byggteknik,0,0,35,105,70,35
173,John Ericsson Institutet,"Ekonomi, administration och försäljning",0,0,0,0,40,40
174,John Ericsson Institutet,Samhällsbyggnad och byggteknik,160,160,180,420,314,99
175,John Ericsson Institutet,Teknik och tillverkning,0,0,0,0,0,0
176,KYH AB,Data/IT,0,0,0,0,35,35
177,KYH AB,"Ekonomi, administration och försäljning",0,0,0,0,0,0
178,KYH AB,Samhällsbyggnad och byggteknik,30,0,0,0,67,67
179,KYH AB,Teknik och tillverkning,0,0,0,0,0,0
180,KYH AB Göteborg,Teknik och tillverkning,0,0,0,30,30,0
181,KYH AB Malmö,Samhällsbyggnad och byggteknik,0,0,30,90,60,0
182,KYH AB Stockholm,"Ekonomi, administration och försäljning",0,0,0,30,0,0
183,KYH AB Stockholm,Samhällsbyggnad och byggteknik,0,0,0,30,30,0
184,Karlskoga kommun,Teknik och tillverkning,0,0,0,0,90,90
185,Karlskoga kommun/Vuxnas lärande,Teknik och tillverkning,0,0,0,20,40,0
186,Karlsson Climate AB,Teknik och tillverkning,20,25,0,0,0,0
187,"Kartotek, Kart- och teknikutbildarna i Haninge AB",Samhällsbyggnad och byggteknik,0,0,40,245,230,0
188,KompetensUtvecklingsInstitutet Sverige AB,Hälso- och sjukvård samt socialt arbete,0,95,275,395,405,255
189,KompetensUtvecklingsInstitutet Sverige AB,Pedagogik och undervisning,0,0,35,150,0,0
190,KompetensUtvecklingsinstitutet Sverige AB,Hälso- och sjukvård samt socialt arbete,120,60,0,0,0,0
191,"Kramfors kommun, Yrkeshögskolan Höga kusten",Hälso- och sjukvård samt socialt arbete,10,10,0,0,0,0
192,"Kristianstad kommun, Vuxenutbildningen",Teknik och tillverkning,0,0,30,0,0,0
193,Kunskap & Kompetens i Sverige AB,"Ekonomi, administration och försäljning",100,30,0,30,30,0
194,Kunskap & Kompetens i Sverige AB,Hälso- och sjukvård samt socialt arbete,0,0,25,50,0,0
195,"Kunskapsförbundet Väst, Vuxenutbildningen",Hälso- och sjukvård samt socialt arbete,25,35,70,180,155,175
196,"Kunskapsförbundet Väst, Vuxenutbildningen",Pedagogik och undervisning,0,0,35,70,70,0
197,Kunskapsgruppen Yrkeshögskola Sverige AB,Samhällsbyggnad och byggteknik,0,0,0,0,30,30
198,Kunskapsgruppen Yrkeshögskola Sverige AB,Teknik och tillverkning,0,0,0,0,30,30
199,Köpings kommun,Hälso- och sjukvård samt socialt arbete,0,0,0,180,0,0
200,Köpings kommun,Teknik och tillverkning,20,40,0,120,0,0
201,LAVI gruppen AB,Teknik och tillverkning,0,0,0,0,0,0
202,"Landskrona Stad, Yrkeshögskolan Landskrona",Hälso- och sjukvård samt socialt arbete,30,0,30,60,55,0
203,Lernia Utbildning AB,Data/IT,49,24,0,0,0,0
204,Lernia Utbildning AB,Teknik och tillverkning,38,38,0,95,69,0
205,Lexicon Yrkeshögskola AB,"Ekonomi, administration och försäljning",0,0,0,0,120,120
206,Lexicon Yrkeshögskola AB,Hälso- och sjukvård samt socialt arbete,0,0,0,0,50,50
207,Lexicon Yrkeshögskola AB,Pedagogik och undervisning,0,0,0,0,35,35
208,Lidköpings kommun Campus Lidköping,"Ekonomi, administration och försäljning",0,30,0,0,0,0
209,Lidköpings kommun Campus Lidköping,"Kultur, media och design",30,20,0,0,0,0
210,Lidköpings kommun Campus Lidköping,Samhällsbyggnad och byggteknik,20,30,30,0,0,0
211,Lidköpings kommun Campus Lidköping,Teknik och tillverkning,0,0,0,0,20,20
212,Malmö Tillskärarakademi AB,Teknik och tillverkning,0,15,25,40,70,70
213,"Mariestads kommun, Dacapo Mariestad","Lantbruk, djurvård, trädgård, skog och fiske",0,44,115,150,150,75
214,MedLearn AB,"Ekonomi, administration och försäljning",0,30,60,90,0,0
215,MedLearn AB,Hälso- och sjukvård samt socialt arbete,0,0,0,0,35,35
216,MedLearn AB,Pedagogik och undervisning,0,0,0,30,30,30
217,Medborgarskolan Mälardalen,Samhällsbyggnad och byggteknik,0,30,30,0,0,0
218,Medborgarskolan i Stockholm - Påhlmans Handelsinstitut,Samhällsbyggnad och byggteknik,70,0,0,0,0,0
219,Medborgarskolan i Stockholm - Påhlmans Handelsinstitut ,"Ekonomi, administration och försäljning",0,0,0,0,35,0
220,Medborgarskolan i Stockholm - Påhlmans Handelsinstitut ,Samhällsbyggnad och byggteknik,0,0,30,30,0,0
221,Medieinstitutet i Sverige AB,Data/IT,0,0,0,190,257,137
222,Medieinstitutet i Sverige AB,"Ekonomi, administration och försäljning",230,380,340,275,280,200
223,Medieinstitutet i Sverige AB,Journalistik och information,0,0,0,0,50,50
224,Medieinstitutet i Sverige AB,Juridik,0,0,0,60,130,70
225,Medieinstitutet i Sverige AB,"Kultur, media och design",0,30,90,180,0,0
226,Montico Kompetensutveckling AB,"Ekonomi, administration och försäljning",0,40,40,60,60,60
227,Montico Kompetensutveckling AB,Pedagogik och undervisning,0,0,0,30,0,0
228,Movant AB,Samhällsbyggnad och byggteknik,0,0,0,75,0,0
229,Movant AB,Teknik och tillverkning,0,0,60,30,0,0
230,Movant AB,Transporttjänster,0,0,0,25,25,25
231,Mölk Utbildning AB,Data/IT,0,0,0,0,70,70
232,NBI i Sverige AB ,"Ekonomi, administration och försäljning",0,0,0,80,160,80
233,Nackademin AB,Data/IT,70,70,155,300,112,112
234,Nackademin AB,"Ekonomi, administration och försäljning",40,0,0,0,0,0
235,Nackademin AB,Hälso- och sjukvård samt socialt arbete,40,40,0,40,40,40
236,Nackademin AB,Journalistik och information,0,0,40,160,120,0
237,Nackademin AB,"Kultur, media och design",0,35,70,0,0,0
238,Nackademin AB,Samhällsbyggnad och byggteknik,0,30,203,536,304,154
239,Nackademin AB,Säkerhetstjänster,0,0,0,0,30,30
240,Nackademin AB,Teknik och tillverkning,30,30,0,0,0,0
241,Nercia Utbildning,"Ekonomi, administration och försäljning",0,0,0,0,35,35
242,Nercia Utbildning,Samhällsbyggnad och byggteknik,0,60,90,85,165,135
243,Nercia Utbildning,Teknik och tillverkning,0,0,30,60,60,30
244,Newton Kompetensutveckling AB,"Ekonomi, administration och försäljning",0,0,0,75,0,40
245,Newton Kompetensutveckling AB,Juridik,0,0,0,0,0,0
246,Newton Kompetensutveckling AB,"Kultur, media och design",0,0,20,60,0,0
247,Newton Kompetensutveckling AB,Samhällsbyggnad och byggteknik,0,0,0,40,0,0
248,Nyköpings kommun - Flygteknik technical training,Teknik och tillverkning,0,0,0,0,15,0
249,"Nässjö kommun, Nässjöakademin","Ekonomi, administration och försäljning",20,0,0,0,0,0
250,Nätverkstan Kultur AB,"Ekonomi, administration och försäljning",0,0,0,35,0,0
251,Nätverkstan Kultur AB,"Kultur, media och design",35,0,0,35,0,0
252,One Academy AB,"Ekonomi, administration och försäljning",100,300,240,230,170,120
253,"Oskarshamns kommun, Nova Utbildning, FoU & Affärsutveckling",Hälso- och sjukvård samt socialt arbete,20,40,20,40,0,0
254,"Oskarshamns kommun, Nova Utbildning, FoU & Affärsutveckling",Teknik och tillverkning,60,200,0,0,0,0
255,Plushögskolan AB - Affärshögskolan,"Ekonomi, administration och försäljning",70,63,130,50,100,100
256,Plushögskolan AB - Teknikhögskolan,Data/IT,0,30,30,0,0,0
257,Plushögskolan AB - Teknikhögskolan,"Ekonomi, administration och försäljning",25,80,90,0,0,0
258,Plushögskolan AB - Teknikhögskolan,Samhällsbyggnad och byggteknik,60,0,0,40,0,0
259,Plushögskolan AB - Teknikhögskolan,Teknik och tillverkning,185,70,120,160,330,110
260,Plushögskolan AB - Vårdyrkeshögskolan,Hälso- och sjukvård samt socialt arbete,35,140,410,640,150,100
261,Plushögskolan AB - Vårdyrkeshögskolan,Pedagogik och undervisning,40,0,0,0,0,0
262,Rädda Barnen Välfärd,Hälso- och sjukvård samt socialt arbete,0,0,0,0,0,0
263,"Skövde kommun, Skövde Yrkeshögskola",Hälso- och sjukvård samt socialt arbete,15,0,0,50,65,30
264,"Skövde kommun, Skövde Yrkeshögskola",Teknik och tillverkning,0,0,0,25,0,0
265,Sociala Tjänstehundar i Sverige AB/Svenska Terapihundskolan,"Lantbruk, djurvård, trädgård, skog och fiske",0,0,0,0,20,20
266,Stadsmissionens Yrkeshögskola,Hälso- och sjukvård samt socialt arbete,70,30,60,0,0,0
267,Step by Step Competence AB,Data/IT,0,0,0,0,0,0
268,Stiftelsen Capellagården,"Lantbruk, djurvård, trädgård, skog och fiske",0,0,0,0,0,18
269,Stiftelsen PROTEKO - Nordiska Textilakademin,"Ekonomi, administration och försäljning",0,0,40,120,0,0
270,Stiftelsen PROTEKO - Nordiska Textilakademin,"Kultur, media och design",0,25,90,105,70,20
271,Stiftelsen PROTEKO - Nordiska Textilakademin,Pedagogik och undervisning,0,0,0,15,0,0
272,Stiftelsen PROTEKO - Nordiska Textilakademin,Teknik och tillverkning,65,130,25,115,0,0
273,Stiftelsen Stockholms Tekniska Institut,Data/IT,55,25,0,65,130,130
274,Stiftelsen Stockholms Tekniska Institut,Samhällsbyggnad och byggteknik,69,77,135,190,295,135
275,Stiftelsen Stockholms Tekniska Institut,Teknik och tillverkning,20,0,0,0,0,0
276,Stiftelsen Tillskärarakademin i Göteborg,Teknik och tillverkning,12,0,0,0,0,0
277,Stockholm School of Business,Data/IT,0,0,30,70,70,0
278,Stockholm School of Business,"Ekonomi, administration och försäljning",40,80,250,440,360,90
279,Stockholm School of Business,Juridik,0,0,0,40,60,60
280,Stockholms Internationella Handelsskola AB,Data/IT,0,0,0,0,0,0
281,Stockholms Internationella Handelsskola AB,"Ekonomi, administration och försäljning",60,60,30,125,72,72
282,Stockholms Stadsmission,Hälso- och sjukvård samt socialt arbete,0,0,0,30,0,0
283,"Stockholms stad, Frans Schartaus Handelsinstitut",Data/IT,0,0,0,30,0,0
284,"Stockholms stad, Frans Schartaus Handelsinstitut","Ekonomi, administration och försäljning",30,40,110,165,100,30
285,"Stockholms stad, Frans Schartaus Handelsinstitut",Hälso- och sjukvård samt socialt arbete,0,0,0,80,80,0
286,"Stockholms stad, Frans Schartaus Handelsinstitut",Samhällsbyggnad och byggteknik,0,0,0,0,35,35
287,"Stockholms stad, Frans Schartaus Handelsinstitut",Säkerhetstjänster,0,0,0,0,30,30
288,"Stockholms stad, Frans Schartaus Handelsinstitut",Teknik och tillverkning,0,0,0,0,0,0
289,Sunne kommun/Broby Grafiska,Data/IT,0,112,0,0,0,0
290,Sunne kommun/Broby Grafiska,"Kultur, media och design",0,56,0,0,0,0
291,Sunne kommun/Brobygrafiska,Data/IT,0,0,0,75,30,30
292,Sunne kommun/Brobygrafiska,Journalistik och information,0,0,30,55,25,25
293,Sunne kommun/Brobygrafiska,"Kultur, media och design",0,0,0,0,0,0
294,Svensk vård och kompetensutveckling i Stockholm AB,Hälso- och sjukvård samt socialt arbete,50,200,0,0,0,0
295,Sverigehälsan AB,Hälso- och sjukvård samt socialt arbete,70,0,0,80,240,160
296,Sveriges Yrkeshögskola AB - Göteborg Yrkeshögskola,Data/IT,0,0,0,0,0,0
297,Sveriges Yrkeshögskola AB - Malmö Yrkeshögskola,Data/IT,0,0,0,105,70,35
298,Sveriges Yrkeshögskola AB - Malmö Yrkeshögskola,"Ekonomi, administration och försäljning",175,35,0,0,0,0
299,Sveriges Yrkeshögskola AB - Malmö Yrkeshögskola,Journalistik och information,0,0,0,0,0,0
300,Sveriges Yrkeshögskola AB - Malmö Yrkeshögskola,"Kultur, media och design",0,0,0,0,0,0
301,Sveriges Yrkeshögskola AB - Malmö Yrkeshögskola,Pedagogik och undervisning,0,0,0,0,0,0
302,Sälj & Marknadshögskolan i Sverige AB,"Ekonomi, administration och försäljning",25,60,105,70,80,80
303,Sälj & Marknadshögskolan i Sverige AB,"Hotell, restaurang och turism",0,0,0,0,0,0
304,TCC Sverige AB,Teknik och tillverkning,0,0,0,30,0,0
305,TEC Travel Education Centre,"Hotell, restaurang och turism",40,0,0,0,0,0
306,TEC Travel Education Centre AB,"Hotell, restaurang och turism",40,0,0,60,32,32
307,TGA Utbildning AB,Data/IT,0,35,35,30,0,0
308,TUC Sweden AB - Yrkeshögskola,Data/IT,0,10,165,165,0,0
309,TUC Sweden AB - Yrkeshögskola,"Ekonomi, administration och försäljning",30,65,150,150,125,0
310,TUC Sweden AB - Yrkeshögskola,"Hotell, restaurang och turism",30,60,30,60,0,0
311,TUC Sweden AB - Yrkeshögskola,Hälso- och sjukvård samt socialt arbete,56,179,225,260,240,30
312,TUC Sweden AB - Yrkeshögskola,Samhällsbyggnad och byggteknik,40,100,40,145,80,0
313,TUC Sweden AB - Yrkeshögskola,Säkerhetstjänster,0,25,60,25,0,0
314,TUC Sweden AB - Yrkeshögskola,Teknik och tillverkning,0,0,40,80,0,0
315,TUC Sweden AB - yrkeshögskola,Data/IT,20,40,0,0,0,0
316,TUC Sweden AB - yrkeshögskola,Samhällsbyggnad och byggteknik,15,55,0,0,0,0
317,Technigo AB,Data/IT,0,0,0,140,0,0
318,Technigo AB,"Ekonomi, administration och försäljning",0,0,0,120,0,0
319,Tekniska Högskolan i Jönköping AB,Samhällsbyggnad och byggteknik,20,40,0,0,0,0
320,Tekniska Högskolan i Jönköping AB,Teknik och tillverkning,15,15,60,100,20,0
321,Tibro Hantverksakademi,"Ekonomi, administration och försäljning",0,0,0,20,0,0
322,Trelleborgs kommun,"Ekonomi, administration och försäljning",0,0,0,25,0,0
323,Trelleborgs kommun,Hälso- och sjukvård samt socialt arbete,60,120,30,60,0,0
324,Trelleborgs kommun,Teknik och tillverkning,0,0,30,60,25,25
325,"Uddevalla kommun, Vuxenutbildningen","Ekonomi, administration och försäljning",25,0,0,0,0,0
326,Umeå kommun - Dragonskolan,Teknik och tillverkning,0,0,0,35,0,0
327,Umeå kommun - Forslundagymnasiet,"Ekonomi, administration och försäljning",0,0,35,35,0,0
328,Universal Design Ventures AB ( Under namn ändring till Funka Academy AB),Journalistik och information,0,0,0,80,0,0
329,Utbildarna i Helsingborg AB,Pedagogik och undervisning,15,0,0,0,0,0
330,Vetlanda kommun Vetlanda Lärcentrum,Samhällsbyggnad och byggteknik,0,0,0,15,0,0
331,Vetlanda kommun Vetlanda Lärcentrum,Teknik och tillverkning,0,0,0,15,15,0
332,"Vilhelmina kommun, Vilhelmina Lärcentrum","Ekonomi, administration och försäljning",0,0,30,60,0,0
333,Västerås Stad/Barn- och Utbildningsförvaltningen/Västerås Yrkeshögskola,"Ekonomi, administration och försäljning",0,0,0,20,40,0
334,Västerås Stad/Barn- och Utbildningsförvaltningen/Västerås Yrkeshögskola,Teknik och tillverkning,0,20,60,20,40,25
335,XeDrix AB,Teknik och tillverkning,0,0,0,0,70,70
336,Xenter Yrkeshögskola ,"Ekonomi, administration och försäljning",0,0,0,30,25,25
337,Xenter Yrkeshögskola ,Juridik,0,0,0,0,0,0
338,YA Yrkeshögskola AB - Dinnovate,"Ekonomi, administration och försäljning",0,0,0,80,0,0
339,YH Akademin AB,Data/IT,0,0,0,0,115,115
340,YH Akademin AB,"Ekonomi, administration och försäljning",0,0,0,0,90,90
341,YH Akademin AB,"Hotell, restaurang och turism",0,0,0,0,0,0
342,YH Akademin AB,Hälso- och sjukvård samt socialt arbete,0,0,0,0,0,0
343,YH Akademin AB,Juridik,0,0,0,0,0,0
344,YH Akademin AB,Samhällsbyggnad och byggteknik,0,0,0,0,65,65
345,YH Akademin AB,Teknik och tillverkning,0,0,0,0,165,165
346,YH Akademin(Marknad),"Ekonomi, administration och försäljning",0,0,0,0,0,0
347,YrkesAkademin YH AB,Data/IT,0,60,160,230,90,0
348,YrkesAkademin YH AB,"Ekonomi, administration och försäljning",40,35,150,365,25,0
349,YrkesAkademin YH AB,"Hotell, restaurang och turism",70,30,90,160,70,0
350,YrkesAkademin YH AB,Hälso- och sjukvård samt socialt arbete,45,0,0,80,0,0
351,YrkesAkademin YH AB,Juridik,0,0,0,35,0,0
352,YrkesAkademin YH AB,"Lantbruk, djurvård, trädgård, skog och fiske",0,0,35,60,0,0
353,YrkesAkademin YH AB,Pedagogik och undervisning,60,0,0,0,0,0
354,YrkesAkademin YH AB,Samhällsbyggnad och byggteknik,80,0,20,195,50,0
355,YrkesAkademin YH AB,Teknik och tillverkning,160,175,315,485,205,0
356,YrkesAkademin YH AB,Transporttjänster,0,30,60,0,0,0
357,Yrkesakademin YH AB,"Hotell, restaurang och turism",60,30,0,0,0,0
358,"Älmhults kommun, Haganässkolan","Kultur, media och design",0,0,0,0,0,0
359,Åsbro Kursgård AB,Teknik och tillverkning,0,0,0,0,0,0
360,Östsvenska Yrkeshögskolan AB,Data/IT,30,30,0,0,0,0
361,Östsvenska Yrkeshögskolan AB,"Ekonomi, administration och försäljning",0,0,25,50,20,40
362,Östsvenska Yrkeshögskolan AB,Samhällsbyggnad och byggteknik,30,60,120,0,0,0
363,Östsvenska Yrkeshögskolan AB,Teknik och tillverkning,60,60,0,0,0,0
