Anordnare standard,Anordnare namn,Utbildningsområde,Totalt beviljade platser 2020,Totalt beviljade platser 2021,Totalt beviljade platser 2022,Totalt beviljade platser 2023,Totalt beviljade platser 2024,Totalt beviljade platser 2025,Antal kommuner,Anordnare ren
ABF Göteborg Vuxenutbildning AB,ABF Göteborg Vuxenutbildning AB,Pedagogik och undervisning,30,60,60,90,0,0,8,abf vuxenutbildning
AGSTU AB,AGSTU AB,Data/IT,0,0,15,30,40,10,3,agstu
AGSTU AB,AGSTU AB,Teknik och tillverkning,40,20,20,30,0,0,9,agstu
ALEA Kompetenshöjning AB,ALEA Kompetenshöjning AB,"Ekonomi, administration och försäljning",0,0,0,0,20,20,1,alea kompetenshöjning
ALEA Kompetenshöjning AB,ALEA Kompetenshöjning AB,Samhällsbyggnad och byggteknik,0,0,15,30,75,45,6,alea kompetenshöjning
ALEA Kompetenshöjning AB,ALEA Kompetenshöjning AB,Teknik och tillverkning,0,0,0,20,80,40,3,alea kompetenshöjning
AVT AB,AVT AB,Teknik och tillverkning,0,0,0,0,30,30,1,avt
Amsac AB,Amsac AB,Teknik och tillverkning,0,0,0,0,25,25,5,amsac
Amsac AB,Amsac AB,Transporttjänster,0,0,0,0,0,0,1,amsac
"Arboga kommun, Vuxenutbildningen","Arboga kommun, Vuxenutbildningen",Teknik och tillverkning,30,30,0,0,0,0,1,arboga
Arena Utbildning,Arena Utbildning,Hälso- och sjukvård samt socialt arbete,0,0,100,20,0,0,2,arena utbildning
Arvika Kommun,Arvika Kommun,Hälso- och sjukvård samt socialt arbete,0,30,30,0,0,0,1,arvika
Blue Peak AB,Blue Peak AB,"Ekonomi, administration och försäljning",0,0,0,80,260,150,6,blue peak
Båros Yrkeshögskola,Borås Stad - Borås Yrkeshögskola,Data/IT,20,20,0,0,0,0,1,borås borås yrkeshögskola
Båros Yrkeshögskola,Borås Stad - Borås Yrkeshögskola,"Ekonomi, administration och försäljning",60,60,90,0,0,0,4,borås borås yrkeshögskola
Båros Yrkeshögskola,Borås Stad - Borås Yrkeshögskola,Teknik och tillverkning,20,20,0,0,0,0,1,borås borås yrkeshögskola
Båros Yrkeshögskola,Borås Stad - Yrkeshögskola i Borås,"Ekonomi, administration och försäljning",0,0,60,120,0,0,2,borås yrkeshögskola i borås
Båros Yrkeshögskola,Borås Stad - Yrkeshögskolan i Borås,Data/IT,0,0,0,0,20,0,1,borås yrkeshögskolan i borås
Båros Yrkeshögskola,Borås Stad - Yrkeshögskolan i Borås,"Ekonomi, administration och försäljning",0,0,0,120,0,0,4,borås yrkeshögskolan i borås
Båros Yrkeshögskola,Borås Stad - Yrkeshögskolan i Borås,Hälso- och sjukvård samt socialt arbete,0,0,0,55,0,0,2,borås yrkeshögskolan i borås
Båros Yrkeshögskola,Borås Stad - Yrkeshögskolan i Borås,Pedagogik och undervisning,0,0,0,27,0,0,1,borås yrkeshögskolan i borås
Båros Yrkeshögskola,Borås Stad - Yrkeshögskolan i Borås,Teknik och tillverkning,0,0,0,50,100,0,5,borås yrkeshögskolan i borås
Båstad Akademi,Båstad kommun Akademi Båstad,"Ekonomi, administration och försäljning",0,30,60,30,0,0,2,båstad akademi båstad
Båstad Akademi,Båstad kommun Akademi Båstad,"Hotell, restaurang och turism",60,0,0,55,60,0,3,båstad akademi båstad
Båstad Akademi,Båstad kommun Akademi Båstad,Hälso- och sjukvård samt socialt arbete,0,0,0,60,0,0,2,båstad akademi båstad
Båstad Akademi,Båstad kommun Akademi Båstad,"Lantbruk, djurvård, trädgård, skog och fiske",25,55,100,120,60,0,6,båstad akademi båstad
Båstads kommun Akademi Båstad,Båstads kommun Akademi Båstad,"Ekonomi, administration och försäljning",0,0,0,0,0,0,1,båstads akademi båstad
Båstads kommun Akademi Båstad,Båstads kommun Akademi Båstad,"Hotell, restaurang och turism",0,0,0,0,0,0,1,båstads akademi båstad
Båstads kommun Akademi Båstad,Båstads kommun Akademi Båstad,Hälso- och sjukvård samt socialt arbete,0,0,0,0,0,0,1,båstads akademi båstad
Campus AB,Campus Ljungby AB,Teknik och tillverkning,0,15,30,20,20,10,3,campus
Campus AB,Campus Mölndal,Data/IT,150,230,60,0,0,0,7,campus mölndal
Campus AB,Campus Mölndal,Hälso- och sjukvård samt socialt arbete,0,0,20,50,50,0,2,campus mölndal
Campus AB,Campus Mölndal,Pedagogik och undervisning,25,0,0,0,0,0,1,campus mölndal
Campus AB,Campus Nyköping,"Ekonomi, administration och försäljning",20,20,25,35,0,0,7,campus nyköping
Campus AB,Campus Nyköping,"Hotell, restaurang och turism",30,30,0,0,0,0,2,campus nyköping
Campus AB,Campus Nyköping,Hälso- och sjukvård samt socialt arbete,30,80,70,0,100,0,5,campus nyköping
Campus AB,Campus Nyköping,"Lantbruk, djurvård, trädgård, skog och fiske",0,0,0,0,24,0,1,campus nyköping
Campus AB,Campus Nyköping,Samhällsbyggnad och byggteknik,0,0,75,105,155,0,7,campus nyköping
Campus AB,Campus Nynäshamn,Hälso- och sjukvård samt socialt arbete,0,0,0,40,50,50,2,campus
Campus AB,Campus Nynäshamn,Pedagogik och undervisning,0,0,0,40,90,50,2,campus
Campus AB,Campus Nynäshamn,Teknik och tillverkning,0,0,40,80,0,0,2,campus
Campus AB,Campus Varberg/Varbergs kommun,Data/IT,40,0,0,0,0,0,2,campus varbergs
Changemaker Educations AB,Changemaker Educations AB,Data/IT,120,120,0,0,0,0,12,changemaker educations
Changemaker Educations AB,Changemaker Educations AB,"Ekonomi, administration och försäljning",30,0,0,0,0,0,3,changemaker educations
Changemaker Educations AB,Changemaker Educations AB,"Hotell, restaurang och turism",0,0,0,20,0,0,1,changemaker educations
Changemaker Educations AB,Changemaker Educations AB,"Kultur, media och design",30,60,0,0,0,0,2,changemaker educations
Chas Academy AB,Chas Academy AB,Data/IT,30,0,30,65,0,0,5,chas
Creando Training AB – Creando School,Creando Training AB – Creando School,Teknik och tillverkning,90,90,0,0,0,0,3,creando training creando school
EC Utbildning AB,EC Utbildning AB,Data/IT,85,25,0,0,0,0,3,ec utbildning
EC Utbildning AB,EC Utbildning AB,Teknik och tillverkning,64,0,0,0,0,0,2,ec utbildning
EC Utbildning AB,EC Utbildning AB Göteborg,Data/IT,0,0,0,0,35,35,3,ec utbildning
EC Utbildning AB,EC Utbildning AB Malmö,Data/IT,0,0,0,30,35,35,2,ec utbildning
EC Utbildning AB,EC Utbildning AB Stockholm,Data/IT,0,0,35,70,0,0,4,ec utbildning
EC Utbildning AB,EC Utbildning AB Örebro,Data/IT,0,0,0,35,0,0,1,ec utbildning
East Sweden Business School AB,East Sweden Business School AB,"Ekonomi, administration och försäljning",0,0,0,0,40,40,1,east sweden business school
East Sweden Business School AB,East Sweden Business School AB,Samhällsbyggnad och byggteknik,0,0,0,0,40,40,3,east sweden business school
EdUP Group AB,EdUP Group AB,"Ekonomi, administration och försäljning",0,0,0,35,40,40,2,edup group
EdUP Group AB,EdUP Group AB,Samhällsbyggnad och byggteknik,0,0,0,0,0,0,1,edup group
Edugrade AB,Edugrade AB,Data/IT,20,0,0,0,50,50,3,edugrade
Elevera Education Group,Elevera Education Group,"Ekonomi, administration och försäljning",0,0,0,0,40,40,1,elevera education group
"Enköpings kommun, Yrkeshögskolan i Enköping","Enköpings kommun, Yrkeshögskolan i Enköping","Lantbruk, djurvård, trädgård, skog och fiske",0,0,20,70,0,0,6,enköpings
Fastighetsakademin Sverige AB,Fastighetsakademin Sverige AB,Samhällsbyggnad och byggteknik,0,0,0,0,80,80,2,fastighetsakademin sverige
Folkuniversitetet,Folkuniversitetet - Kursverksamheten vid Lunds Universitet,Hälso- och sjukvård samt socialt arbete,0,0,0,40,40,40,2,folkuniversitetet vid lunds
Folkuniversitetet,Folkuniversitetet - Kursverksamheten vid Lunds Universitet,Teknik och tillverkning,20,0,0,40,40,40,5,folkuniversitetet vid lunds
Folkuniversitetet,Folkuniversitetet - Kursverksamheten vid Stockholms universitet,"Ekonomi, administration och försäljning",0,0,20,20,0,0,1,folkuniversitetet vid stockholms
Folkuniversitetet,Folkuniversitetet - Stiftelsen Kursverksamheten vid Uppsala universitetet,Data/IT,25,0,0,44,0,0,5,folkuniversitetet vid
Folkuniversitetet,Folkuniversitetet - Stiftelsen Kursverksamheten vid Uppsala universitetet,"Ekonomi, administration och försäljning",0,60,110,85,0,0,4,folkuniversitetet vid
Folkuniversitetet,Folkuniversitetet - Stiftelsen Kursverksamheten vid Uppsala universitetet,Hälso- och sjukvård samt socialt arbete,0,30,60,120,120,80,6,folkuniversitetet vid
Folkuniversitetet,Folkuniversitetet - Stiftelsen Kursverksamheten vid Uppsala universitetet,Samhällsbyggnad och byggteknik,0,15,30,20,0,0,5,folkuniversitetet vid
Folkuniversitetet,Folkuniversitetet - Stiftelsen Kursverksamheten vid Uppsala universitetet,Säkerhetstjänster,0,0,30,60,0,0,2,folkuniversitetet vid
Folkuniversitetet,Folkuniversitetet - Stiftelsen Kursverksamheten vid Uppsala universitetet,Teknik och tillverkning,0,0,0,0,50,50,1,folkuniversitetet vid
Folkuniversitetet,Folkuniversitetet Kursverksamheten vid Göteborgs universitet,Data/IT,0,50,50,0,35,35,3,folkuniversitetet vid göteborgs
Folkuniversitetet,Folkuniversitetet – Kursverksamheten vid Umeå Universitet,Samhällsbyggnad och byggteknik,0,0,0,20,20,20,3,folkuniversitetet vid
Folkuniversitetet,Folkuniversitetet – Kursverksamheten vid Umeå Universitet,Transporttjänster,40,80,0,0,0,0,1,folkuniversitetet vid
Folkuniversitetet,Folkuniversitetet- stiftelsen kursverksamheten vid Uppsala universitet,Samhällsbyggnad och byggteknik,20,20,0,0,0,0,1,folkuniversitetet vid
Fordonsakademin Sverige AB,Fordonsakademin Sverige AB,"Ekonomi, administration och försäljning",0,0,0,15,45,15,2,fordonsakademin sverige
Funka Academy AB,Funka Academy AB,Journalistik och information,0,0,0,0,0,0,2,funka
Företagsekonomiska Institutet 1888 AB,Företagsekonomiska Institutet 1888 AB,Data/IT,0,0,0,0,50,50,1,företagsekonomiska institutet 1888
Företagsekonomiska Institutet 1888 AB,Företagsekonomiska Institutet 1888 AB,"Ekonomi, administration och försäljning",0,0,0,80,0,0,6,företagsekonomiska institutet 1888
Företagsekonomiska Institutet 1888 AB,Företagsekonomiska Institutet 1888 AB,"Hotell, restaurang och turism",0,0,0,80,0,0,3,företagsekonomiska institutet 1888
Företagsekonomiska Institutet 1888 AB,Företagsekonomiska Institutet 1888 AB,Säkerhetstjänster,0,0,0,0,0,0,1,företagsekonomiska institutet 1888
Företagsuniversitetet AB,Företagsuniversitetet AB,Data/IT,0,30,120,255,290,70,7,företagsuniversitetet
Företagsuniversitetet AB,Företagsuniversitetet AB,"Ekonomi, administration och försäljning",0,35,100,170,210,60,7,företagsuniversitetet
Företagsuniversitetet AB,Företagsuniversitetet AB,Säkerhetstjänster,99,158,120,230,180,0,14,företagsuniversitetet
Gislaveds Kommun Vuxenutbildningen /Hph,Gislaveds Kommun Vuxenutbildningen /Hph,Hälso- och sjukvård samt socialt arbete,20,20,0,75,0,0,6,gislaveds vuxenutbildningen hph
Gislaveds Kommun Vuxenutbildningen /Hph,Gislaveds Kommun Vuxenutbildningen /Hph,Teknik och tillverkning,20,20,0,25,0,0,3,gislaveds vuxenutbildningen hph
Grit Academy AB,Grit Academy,Data/IT,0,0,0,0,0,0,1,grit
Grit Academy AB,Grit Academy AB,Data/IT,0,0,0,30,0,0,1,grit
Grit Academy AB,Grit Academy AB,"Ekonomi, administration och försäljning",0,0,0,90,0,0,3,grit
Gunnebo Slott och Trädgårdar AB,Gunnebo Slott och Trädgårdar AB,"Lantbruk, djurvård, trädgård, skog och fiske",25,0,25,25,25,50,6,gunnebo slott och trädgårdar
"Göteborgs stad, Yrgo","Göteborgs Stad, Yrgo",Data/IT,0,0,0,0,0,0,1,göteborgs
"Göteborgs stad, Yrgo","Göteborgs Stad, Yrgo","Ekonomi, administration och försäljning",0,28,28,28,28,0,5,göteborgs
"Göteborgs stad, Yrgo","Göteborgs Stad, Yrgo",Hälso- och sjukvård samt socialt arbete,40,0,75,100,0,0,8,göteborgs
"Göteborgs stad, Yrgo","Göteborgs Stad, Yrgo",Journalistik och information,0,0,30,60,0,0,2,göteborgs
"Göteborgs stad, Yrgo","Göteborgs Stad, Yrgo",Juridik,0,0,0,0,0,0,2,göteborgs
"Göteborgs stad, Yrgo","Göteborgs Stad, Yrgo",Pedagogik och undervisning,0,0,0,80,25,0,3,göteborgs
"Göteborgs stad, Yrgo","Göteborgs Stad, Yrgo",Samhällsbyggnad och byggteknik,0,20,80,0,0,0,2,göteborgs
"Göteborgs stad, Yrgo","Göteborgs Stad, Yrgo",Säkerhetstjänster,0,0,0,30,25,25,2,göteborgs
"Göteborgs stad, Yrgo","Göteborgs Stad, Yrgo",Teknik och tillverkning,90,50,90,110,20,20,10,göteborgs
"Göteborgs stad, Yrgo","Göteborgs Stad, Yrgo",Transporttjänster,0,25,50,25,0,0,3,göteborgs
Göteborgs Tekniska College AB,Göteborgs Tekniska College AB,Data/IT,40,160,0,0,0,0,2,göteborgs tekniska college
Göteborgs Tekniska College AB,Göteborgs Tekniska College AB,Teknik och tillverkning,50,60,140,140,220,100,14,göteborgs tekniska college
"Göteborgs stad, Yrgo","Göteborgs stad, Yrgo",Data/IT,50,0,0,0,0,0,2,göteborgs
"Göteborgs stad, Yrgo","Göteborgs stad, Yrgo","Ekonomi, administration och försäljning",25,0,0,0,0,0,1,göteborgs
"Göteborgs stad, Yrgo","Göteborgs stad, Yrgo","Hotell, restaurang och turism",25,0,0,0,0,0,1,göteborgs
"Göteborgs stad, Yrgo","Göteborgs stad, Yrgo",Hälso- och sjukvård samt socialt arbete,40,0,0,0,0,0,1,göteborgs
"Göteborgs stad, Yrgo","Göteborgs stad, Yrgo",Samhällsbyggnad och byggteknik,20,40,0,0,0,0,1,göteborgs
"Göteborgs stad, Yrgo","Göteborgs stad, Yrgo",Teknik och tillverkning,30,0,0,0,0,0,1,göteborgs
"Göteborgs stad, Yrgo","Göteborgs stad, Yrgo",Transporttjänster,50,0,0,0,0,0,2,göteborgs
Handelsakademin i Göteborg AB,Handelsakademin i Göteborg AB,Data/IT,0,35,70,40,160,120,5,handelsakademin i
Handelsakademin i Göteborg AB,Handelsakademin i Göteborg AB,"Ekonomi, administration och försäljning",0,0,0,40,40,0,1,handelsakademin i
Handelsakademin i Göteborg AB,Handelsakademin i Göteborg AB,Samhällsbyggnad och byggteknik,0,0,35,110,80,40,3,handelsakademin i
"Haninge kommun, Centrum Vux","Haninge kommun, Centrum Vux","Ekonomi, administration och försäljning",50,0,0,0,0,0,2,haninge
Hantverksakademin i Sverige AB,Hantverksakademin i Sverige AB,"Ekonomi, administration och försäljning",0,0,0,8,0,0,1,hantverksakademin i sverige
Hermods AB,Hermods AB,Teknik och tillverkning,60,0,0,0,0,0,2,hermods
Hermods AB,Hermods AB Göteborg,"Ekonomi, administration och försäljning",0,0,0,60,0,0,2,hermods
Hermods AB,Hermods AB Göteborg,Pedagogik och undervisning,0,0,0,30,0,0,1,hermods
Hermods AB,Hermods AB Göteborg,Samhällsbyggnad och byggteknik,0,0,0,30,0,0,2,hermods
Hermods AB,Hermods AB Göteborg,Teknik och tillverkning,0,0,30,150,0,0,6,hermods
Hermods AB,Hermods AB Helsingborg,"Ekonomi, administration och försäljning",0,0,30,30,0,0,1,hermods helsingborg
Hermods AB,Hermods AB Helsingborg,Samhällsbyggnad och byggteknik,0,30,30,0,0,0,1,hermods helsingborg
Hermods AB,Hermods AB Karlskrona,"Ekonomi, administration och försäljning",0,0,0,30,0,0,1,hermods karlskrona
Hermods AB,Hermods AB Karlskrona,Hälso- och sjukvård samt socialt arbete,0,0,0,60,60,30,4,hermods karlskrona
Hermods AB,Hermods AB Karlskrona,Samhällsbyggnad och byggteknik,0,0,0,60,0,0,2,hermods karlskrona
Hermods AB,Hermods AB Malmö,Teknik och tillverkning,0,0,0,30,30,0,1,hermods
Hermods AB,Hermods AB Stockholm,Data/IT,0,0,0,30,0,0,1,hermods
Hermods AB,Hermods AB Stockholm,"Lantbruk, djurvård, trädgård, skog och fiske",0,0,30,90,0,0,5,hermods
Hermods AB,Hermods AB Stockholm,Samhällsbyggnad och byggteknik,0,0,0,60,60,30,4,hermods
Hermods AB,Hermods AB Stockholm,Säkerhetstjänster,0,0,0,30,0,0,1,hermods
Hermods AB,Hermods AB Umeå,Samhällsbyggnad och byggteknik,0,0,0,30,0,0,1,hermods
Hermods AB,Hermods AB Umeå,Teknik och tillverkning,0,0,0,60,30,30,4,hermods
Hermods AB,Hermods AB Örebro,Data/IT,0,0,0,60,30,30,3,hermods
Hermods AB,Hermods AB Örebro,Samhällsbyggnad och byggteknik,0,0,0,60,0,0,2,hermods
Hermods AB,Hermods AB Örebro,Teknik och tillverkning,0,0,0,0,30,30,1,hermods
Hermods AB,Hermods AB Östersund,"Ekonomi, administration och försäljning",0,0,0,30,0,0,1,hermods östersund
Hermods AB,Hermods AB Östersund,Hälso- och sjukvård samt socialt arbete,0,0,0,30,0,0,2,hermods östersund
Hermods AB,Hermods AB Östersund,Samhällsbyggnad och byggteknik,0,0,30,30,0,0,1,hermods östersund
Hyper Island Program AB,Hyper Island Program AB,Data/IT,40,80,0,0,0,0,2,hyper island program
Hyper Island Program AB,Hyper Island Program AB,"Ekonomi, administration och försäljning",40,80,0,0,0,0,2,hyper island program
Hyper Island Program AB,Hyper Island Program AB - Karlskrona,Data/IT,0,0,0,55,110,55,2,hyper island program karlskrona
Hyper Island Program AB,Hyper Island Program AB - Karlskrona,"Ekonomi, administration och försäljning",200,0,55,110,160,110,6,hyper island program karlskrona
Hyper Island Program AB,Hyper Island Program AB - Stockholm,Data/IT,0,0,0,0,50,50,1,hyper island program
Hyper Island Program AB,Hyper Island Program AB - Stockholm,"Ekonomi, administration och försäljning",0,0,0,0,60,0,1,hyper island program
"Härryda kommun, Yrkeshögskolan i Mölnlycke","Härryda kommun, Yrkeshögskolan i Mölnlycke","Ekonomi, administration och försäljning",0,0,0,30,0,0,2,härryda
Högskolan Kristianstad Uppdrag AB,Högskolan Kristianstad Uppdrag AB,Hälso- och sjukvård samt socialt arbete,0,0,0,40,0,0,2,högskolan kristianstad uppdrag
Högskolan för lärande och kommunikation i Jönköping AB,Högskolan för lärande och kommunikation i Jönköping AB,Hälso- och sjukvård samt socialt arbete,28,28,0,0,0,0,2,högskolan för lärande och kommunikation i jönköping
IHM Business School AB,IHM Business School AB Göteborg,Data/IT,0,0,0,0,40,40,1,ihm business school
IHM Business School AB,IHM Business School AB Göteborg,"Ekonomi, administration och försäljning",105,230,475,500,980,780,45,ihm business school
IHM Business School AB,IHM Business School AB Göteborg,"Hotell, restaurang och turism",60,70,140,140,80,40,8,ihm business school
IHM Business School AB,IHM Business School AB Göteborg,Journalistik och information,0,0,0,0,0,0,1,ihm business school
IHM Business School AB,IHM Business School AB Malmö,Data/IT,30,0,0,0,0,0,1,ihm business school
IHM Business School AB,IHM Business School AB Malmö,"Ekonomi, administration och försäljning",0,0,75,190,120,0,5,ihm business school
IHM Business School AB,IHM Business School AB Stockholm,"Ekonomi, administration och försäljning",70,50,115,390,80,0,10,ihm business school
IHM Business School AB,IHM Business School AB Stockholm,"Hotell, restaurang och turism",0,0,0,40,40,0,1,ihm business school
IHM Business School AB,IHM Business School AB Stockholm,Journalistik och information,0,0,0,40,40,0,1,ihm business school
INSU AB,INSU AB,Samhällsbyggnad och byggteknik,70,140,70,70,70,120,9,insu
INSU AB,INSU AB,Teknik och tillverkning,0,0,0,0,0,50,1,insu
IT-Högskolan Sverige AB,IT-Högskolan Stockholm AB,Data/IT,80,50,0,45,50,0,7,it högskolan
IT-Högskolan Sverige AB,IT-Högskolan Stockholm AB,"Ekonomi, administration och försäljning",0,0,0,50,0,0,3,it högskolan
IT-Högskolan Sverige AB,IT-Högskolan Stockholm AB,Juridik,0,0,0,0,0,0,1,it högskolan
IT-Högskolan Sverige AB,IT-Högskolan Sverige AB,Data/IT,45,20,40,305,440,180,20,it högskolan sverige
IT-Högskolan Sverige AB,IT-Högskolan Sverige AB,"Ekonomi, administration och försäljning",0,0,0,0,0,0,2,it högskolan sverige
"ITH, Institutet För Tillämpad Hydraulik","ITH, Institutet För Tillämpad Hydraulik",Teknik och tillverkning,0,0,0,0,25,25,1,ith
Idé & Resurscentrum i Ljungby AB,Idé & Resurscentrum i Ljungby AB,Teknik och tillverkning,0,8,18,0,0,0,1,idé & resurscentrum i
Idéutvecklarna AB,Idéutvecklarna AB,"Hotell, restaurang och turism",0,0,0,0,60,60,2,idéutvecklarna
Iris Hadar AB,Iris Hadar AB,"Lantbruk, djurvård, trädgård, skog och fiske",0,0,0,0,0,0,1,iris hadar
Iris Hadar AB,Iris Hadar AB,Samhällsbyggnad och byggteknik,0,0,0,30,0,0,1,iris hadar
Iterum Education AB,Iterum Education,"Ekonomi, administration och försäljning",70,70,0,0,0,0,2,iterum education
Iterum Education AB,Iterum Education AB,"Ekonomi, administration och försäljning",0,0,0,70,35,35,3,iterum education
JAG Utbildning AB,JAG Utbildning AB,"Ekonomi, administration och försäljning",0,30,60,30,30,30,3,jag utbildning
JAG Utbildning AB,JAG Utbildning AB,Hälso- och sjukvård samt socialt arbete,0,0,0,180,0,0,3,jag utbildning
JENSEN Education School AB,JENSEN Education School AB,"Ekonomi, administration och försäljning",0,0,0,35,105,70,3,jensen education school
JENSEN Education School AB,JENSEN Education School AB,Samhällsbyggnad och byggteknik,0,0,35,105,70,35,4,jensen education school
John Ericsson Institutet,John Ericsson Institutet,"Ekonomi, administration och försäljning",0,0,0,0,40,40,1,john ericsson institutet
John Ericsson Institutet,John Ericsson Institutet,Samhällsbyggnad och byggteknik,160,160,180,420,314,99,22,john ericsson institutet
John Ericsson Institutet,John Ericsson Institutet,Teknik och tillverkning,0,0,0,0,0,0,1,john ericsson institutet
KYH AB,KYH AB,Data/IT,0,0,0,0,35,35,1,kyh
KYH AB,KYH AB,"Ekonomi, administration och försäljning",0,0,0,0,0,0,1,kyh
KYH AB,KYH AB,Samhällsbyggnad och byggteknik,30,0,0,0,67,67,15,kyh
KYH AB,KYH AB,Teknik och tillverkning,0,0,0,0,0,0,2,kyh
KYH AB,KYH AB Göteborg,Teknik och tillverkning,0,0,0,30,30,0,1,kyh
KYH AB,KYH AB Malmö,Samhällsbyggnad och byggteknik,0,0,30,90,60,0,3,kyh
KYH AB,KYH AB Stockholm,"Ekonomi, administration och försäljning",0,0,0,30,0,0,1,kyh
KYH AB,KYH AB Stockholm,Samhällsbyggnad och byggteknik,0,0,0,30,30,0,1,kyh
Karlskoga kommun,Karlskoga kommun,Teknik och tillverkning,0,0,0,0,90,90,3,karlskoga
Karlskoga kommun/Vuxnas lärande,Karlskoga kommun/Vuxnas lärande,Teknik och tillverkning,0,0,0,20,40,0,1,karlskoga vuxnas lärande
Karlsson Climate AB,Karlsson Climate AB,Teknik och tillverkning,20,25,0,0,0,0,1,karlsson climate
"Kartotek, Kart- och teknikutbildarna i Haninge AB","Kartotek, Kart- och teknikutbildarna i Haninge AB",Samhällsbyggnad och byggteknik,0,0,40,245,230,0,7,kartotek
KompetensUtvecklingsInstitutet Sverige AB,KompetensUtvecklingsInstitutet Sverige AB,Hälso- och sjukvård samt socialt arbete,0,95,275,395,405,255,20,kompetensutvecklingsinstitutet sverige
KompetensUtvecklingsInstitutet Sverige AB,KompetensUtvecklingsInstitutet Sverige AB,Pedagogik och undervisning,0,0,35,150,0,0,5,kompetensutvecklingsinstitutet sverige
KompetensUtvecklingsInstitutet Sverige AB,KompetensUtvecklingsinstitutet Sverige AB,Hälso- och sjukvård samt socialt arbete,120,60,0,0,0,0,12,kompetensutvecklingsinstitutet sverige
"Kramfors kommun, Yrkeshögskolan Höga kusten","Kramfors kommun, Yrkeshögskolan Höga kusten",Hälso- och sjukvård samt socialt arbete,10,10,0,0,0,0,1,kramfors
"Kristianstad kommun, Vuxenutbildningen","Kristianstad kommun, Vuxenutbildningen",Teknik och tillverkning,0,0,30,0,0,0,1,kristianstad
Kunskap & Kompetens i Sverige AB,Kunskap & Kompetens i Sverige AB,"Ekonomi, administration och försäljning",100,30,0,30,30,0,4,kunskap & kompetens i sverige
Kunskap & Kompetens i Sverige AB,Kunskap & Kompetens i Sverige AB,Hälso- och sjukvård samt socialt arbete,0,0,25,50,0,0,1,kunskap & kompetens i sverige
"Kunskapsförbundet Väst, Vuxenutbildningen","Kunskapsförbundet Väst, Vuxenutbildningen",Hälso- och sjukvård samt socialt arbete,25,35,70,180,155,175,10,kunskapsförbundet väst
"Kunskapsförbundet Väst, Vuxenutbildningen","Kunskapsförbundet Väst, Vuxenutbildningen",Pedagogik och undervisning,0,0,35,70,70,0,2,kunskapsförbundet väst
Kunskapsgruppen Yrkeshögskola Sverige AB,Kunskapsgruppen Yrkeshögskola Sverige AB,Samhällsbyggnad och byggteknik,0,0,0,0,30,30,1,kunskapsgruppen yrkeshögskola sverige
Kunskapsgruppen Yrkeshögskola Sverige AB,Kunskapsgruppen Yrkeshögskola Sverige AB,Teknik och tillverkning,0,0,0,0,30,30,2,kunskapsgruppen yrkeshögskola sverige
Köpings kommun,Köpings kommun,Hälso- och sjukvård samt socialt arbete,0,0,0,180,0,0,6,köpings
Köpings kommun,Köpings kommun,Teknik och tillverkning,20,40,0,120,0,0,7,köpings
LAVI gruppen AB,LAVI gruppen AB,Teknik och tillverkning,0,0,0,0,0,0,1,lavi gruppen
"Landskrona Stad, Yrkeshögskolan Landskrona","Landskrona Stad, Yrkeshögskolan Landskrona",Hälso- och sjukvård samt socialt arbete,30,0,30,60,55,0,4,landskrona
Lernia Utbildning AB,Lernia Utbildning AB,Data/IT,49,24,0,0,0,0,4,lernia utbildning
Lernia Utbildning AB,Lernia Utbildning AB,Teknik och tillverkning,38,38,0,95,69,0,13,lernia utbildning
Lexicon Yrkeshögskola AB,Lexicon Yrkeshögskola AB,"Ekonomi, administration och försäljning",0,0,0,0,120,120,5,lexicon yrkeshögskola
Lexicon Yrkeshögskola AB,Lexicon Yrkeshögskola AB,Hälso- och sjukvård samt socialt arbete,0,0,0,0,50,50,2,lexicon yrkeshögskola
Lexicon Yrkeshögskola AB,Lexicon Yrkeshögskola AB,Pedagogik och undervisning,0,0,0,0,35,35,1,lexicon yrkeshögskola
Campus AB,Lidköpings kommun Campus Lidköping,"Ekonomi, administration och försäljning",0,30,0,0,0,0,1,lidköpings campus lidköping
Campus AB,Lidköpings kommun Campus Lidköping,"Kultur, media och design",30,20,0,0,0,0,2,lidköpings campus lidköping
Campus AB,Lidköpings kommun Campus Lidköping,Samhällsbyggnad och byggteknik,20,30,30,0,0,0,2,lidköpings campus lidköping
Campus AB,Lidköpings kommun Campus Lidköping,Teknik och tillverkning,0,0,0,0,20,20,1,lidköpings campus lidköping
Malmö Tillskärarakademi AB,Malmö Tillskärarakademi AB,Teknik och tillverkning,0,15,25,40,70,70,5,tillskärarakademi
"Mariestads kommun, Dacapo Mariestad","Mariestads kommun, Dacapo Mariestad","Lantbruk, djurvård, trädgård, skog och fiske",0,44,115,150,150,75,11,mariestads
MedLearn AB,MedLearn AB,"Ekonomi, administration och försäljning",0,30,60,90,0,0,2,medlearn
MedLearn AB,MedLearn AB,Hälso- och sjukvård samt socialt arbete,0,0,0,0,35,35,5,medlearn
MedLearn AB,MedLearn AB,Pedagogik och undervisning,0,0,0,30,30,30,3,medlearn
Medborgarskolan Mälardalen,Medborgarskolan Mälardalen,Samhällsbyggnad och byggteknik,0,30,30,0,0,0,1,medborgarskolan mälardalen
Medborgarskolan i Stockholm - Påhlmans Handelsinstitut,Medborgarskolan i Stockholm - Påhlmans Handelsinstitut,Samhällsbyggnad och byggteknik,70,0,0,0,0,0,2,medborgarskolan i påhlmans handelsinstitut
Medborgarskolan i Stockholm - Påhlmans Handelsinstitut,Medborgarskolan i Stockholm - Påhlmans Handelsinstitut ,"Ekonomi, administration och försäljning",0,0,0,0,35,0,1,medborgarskolan i påhlmans handelsinstitut
Medborgarskolan i Stockholm - Påhlmans Handelsinstitut,Medborgarskolan i Stockholm - Påhlmans Handelsinstitut ,Samhällsbyggnad och byggteknik,0,0,30,30,0,0,1,medborgarskolan i påhlmans handelsinstitut
Medieinstitutet i Sverige AB,Medieinstitutet i Sverige AB,Data/IT,0,0,0,190,257,137,14,medieinstitutet i sverige
Medieinstitutet i Sverige AB,Medieinstitutet i Sverige AB,"Ekonomi, administration och försäljning",230,380,340,275,280,200,18,medieinstitutet i sverige
Medieinstitutet i Sverige AB,Medieinstitutet i Sverige AB,Journalistik och information,0,0,0,0,50,50,2,medieinstitutet i sverige
Medieinstitutet i Sverige AB,Medieinstitutet i Sverige AB,Juridik,0,0,0,60,130,70,2,medieinstitutet i sverige
Medieinstitutet i Sverige AB,Medieinstitutet i Sverige AB,"Kultur, media och design",0,30,90,180,0,0,8,medieinstitutet i sverige
Montico Kompetensutveckling AB,Montico Kompetensutveckling AB,"Ekonomi, administration och försäljning",0,40,40,60,60,60,6,montico kompetensutveckling
Montico Kompetensutveckling AB,Montico Kompetensutveckling AB,Pedagogik och undervisning,0,0,0,30,0,0,1,montico kompetensutveckling
Movant AB,Movant AB,Samhällsbyggnad och byggteknik,0,0,0,75,0,0,1,movant
Movant AB,Movant AB,Teknik och tillverkning,0,0,60,30,0,0,2,movant
Movant AB,Movant AB,Transporttjänster,0,0,0,25,25,25,2,movant
Mölk Utbildning AB,Mölk Utbildning AB,Data/IT,0,0,0,0,70,70,2,mölk utbildning
NBI i Sverige AB ,NBI i Sverige AB ,"Ekonomi, administration och försäljning",0,0,0,80,160,80,4,nbi i sverige
Nackademin AB,Nackademin AB,Data/IT,70,70,155,300,112,112,15,nackademin
Nackademin AB,Nackademin AB,"Ekonomi, administration och försäljning",40,0,0,0,0,0,1,nackademin
Nackademin AB,Nackademin AB,Hälso- och sjukvård samt socialt arbete,40,40,0,40,40,40,3,nackademin
Nackademin AB,Nackademin AB,Journalistik och information,0,0,40,160,120,0,3,nackademin
Nackademin AB,Nackademin AB,"Kultur, media och design",0,35,70,0,0,0,1,nackademin
Nackademin AB,Nackademin AB,Samhällsbyggnad och byggteknik,0,30,203,536,304,154,21,nackademin
Nackademin AB,Nackademin AB,Säkerhetstjänster,0,0,0,0,30,30,1,nackademin
Nackademin AB,Nackademin AB,Teknik och tillverkning,30,30,0,0,0,0,1,nackademin
Nercia Utbildning,Nercia Utbildning,"Ekonomi, administration och försäljning",0,0,0,0,35,35,1,nercia utbildning
Nercia Utbildning,Nercia Utbildning,Samhällsbyggnad och byggteknik,0,60,90,85,165,135,9,nercia utbildning
Nercia Utbildning,Nercia Utbildning,Teknik och tillverkning,0,0,30,60,60,30,3,nercia utbildning
Newton Kompetensutveckling AB,Newton Kompetensutveckling AB,"Ekonomi, administration och försäljning",0,0,0,75,0,40,4,newton kompetensutveckling
Newton Kompetensutveckling AB,Newton Kompetensutveckling AB,Juridik,0,0,0,0,0,0,1,newton kompetensutveckling
Newton Kompetensutveckling AB,Newton Kompetensutveckling AB,"Kultur, media och design",0,0,20,60,0,0,1,newton kompetensutveckling
Newton Kompetensutveckling AB,Newton Kompetensutveckling AB,Samhällsbyggnad och byggteknik,0,0,0,40,0,0,4,newton kompetensutveckling
Nyköpings kommun - Flygteknik technical training,Nyköpings kommun - Flygteknik technical training,Teknik och tillverkning,0,0,0,0,15,0,1,nyköpings flygteknik technical training
"Nässjö kommun, Nässjöakademin","Nässjö kommun, Nässjöakademin","Ekonomi, administration och försäljning",20,0,0,0,0,0,2,nässjö
Nätverkstan Kultur AB,Nätverkstan Kultur AB,"Ekonomi, administration och försäljning",0,0,0,35,0,0,2,nätverkstan kultur
Nätverkstan Kultur AB,Nätverkstan Kultur AB,"Kultur, media och design",35,0,0,35,0,0,3,nätverkstan kultur
One Academy AB,One Academy AB,"Ekonomi, administration och försäljning",100,300,240,230,170,120,15,one
"Oskarshamns kommun, Nova Utbildning, FoU & Affärsutveckling","Oskarshamns kommun, Nova Utbildning, FoU & Affärsutveckling",Hälso- och sjukvård samt socialt arbete,20,40,20,40,0,0,4,oskarshamns
"Oskarshamns kommun, Nova Utbildning, FoU & Affärsutveckling","Oskarshamns kommun, Nova Utbildning, FoU & Affärsutveckling",Teknik och tillverkning,60,200,0,0,0,0,1,oskarshamns
Plushögskolan AB,Plushögskolan AB - Affärshögskolan,"Ekonomi, administration och försäljning",70,63,130,50,100,100,7,plushögskolan affärshögskolan
Plushögskolan AB,Plushögskolan AB - Teknikhögskolan,Data/IT,0,30,30,0,0,0,1,plushögskolan teknikhögskolan
Plushögskolan AB,Plushögskolan AB - Teknikhögskolan,"Ekonomi, administration och försäljning",25,80,90,0,0,0,2,plushögskolan teknikhögskolan
Plushögskolan AB,Plushögskolan AB - Teknikhögskolan,Samhällsbyggnad och byggteknik,60,0,0,40,0,0,3,plushögskolan teknikhögskolan
Plushögskolan AB,Plushögskolan AB - Teknikhögskolan,Teknik och tillverkning,185,70,120,160,330,110,16,plushögskolan teknikhögskolan
Plushögskolan AB,Plushögskolan AB - Vårdyrkeshögskolan,Hälso- och sjukvård samt socialt arbete,35,140,410,640,150,100,20,plushögskolan vårdyrkeshögskolan
Plushögskolan AB,Plushögskolan AB - Vårdyrkeshögskolan,Pedagogik och undervisning,40,0,0,0,0,0,1,plushögskolan vårdyrkeshögskolan
Rädda Barnen Välfärd,Rädda Barnen Välfärd,Hälso- och sjukvård samt socialt arbete,0,0,0,0,0,0,1,rädda barnen välfärd
"Skövde kommun, Skövde Yrkeshögskola","Skövde kommun, Skövde Yrkeshögskola",Hälso- och sjukvård samt socialt arbete,15,0,0,50,65,30,4,skövde
"Skövde kommun, Skövde Yrkeshögskola","Skövde kommun, Skövde Yrkeshögskola",Teknik och tillverkning,0,0,0,25,0,0,1,skövde
Sociala Tjänstehundar i Sverige AB/Svenska Terapihundskolan,Sociala Tjänstehundar i Sverige AB/Svenska Terapihundskolan,"Lantbruk, djurvård, trädgård, skog och fiske",0,0,0,0,20,20,1,sociala tjänstehundar i sverige svenska terapihundskolan
Stadsmissionens Yrkeshögskola,Stadsmissionens Yrkeshögskola,Hälso- och sjukvård samt socialt arbete,70,30,60,0,0,0,3,stadsmissionens yrkeshögskola
Step by Step Competence AB,Step by Step Competence AB,Data/IT,0,0,0,0,0,0,1,step by step competence
Stiftelsen Capellagården,Stiftelsen Capellagården,"Lantbruk, djurvård, trädgård, skog och fiske",0,0,0,0,0,18,1,capellagården
Stiftelsen PROTEKO - Nordiska Textilakademin,Stiftelsen PROTEKO - Nordiska Textilakademin,"Ekonomi, administration och försäljning",0,0,40,120,0,0,4,proteko nordiska textilakademin
Stiftelsen PROTEKO - Nordiska Textilakademin,Stiftelsen PROTEKO - Nordiska Textilakademin,"Kultur, media och design",0,25,90,105,70,20,5,proteko nordiska textilakademin
Stiftelsen PROTEKO - Nordiska Textilakademin,Stiftelsen PROTEKO - Nordiska Textilakademin,Pedagogik och undervisning,0,0,0,15,0,0,2,proteko nordiska textilakademin
Stiftelsen PROTEKO - Nordiska Textilakademin,Stiftelsen PROTEKO - Nordiska Textilakademin,Teknik och tillverkning,65,130,25,115,0,0,7,proteko nordiska textilakademin
Stiftelsen Stockholms Tekniska Institut,Stiftelsen Stockholms Tekniska Institut,Data/IT,55,25,0,65,130,130,8,stockholms tekniska institut
Stiftelsen Stockholms Tekniska Institut,Stiftelsen Stockholms Tekniska Institut,Samhällsbyggnad och byggteknik,69,77,135,190,295,135,13,stockholms tekniska institut
Stiftelsen Stockholms Tekniska Institut,Stiftelsen Stockholms Tekniska Institut,Teknik och tillverkning,20,0,0,0,0,0,1,stockholms tekniska institut
Stiftelsen Tillskärarakademin i Göteborg,Stiftelsen Tillskärarakademin i Göteborg,Teknik och tillverkning,12,0,0,0,0,0,1,tillskärarakademin i
Stockholm School of Business,Stockholm School of Business,Data/IT,0,0,30,70,70,0,3,school of business
Stockholm School of Business,Stockholm School of Business,"Ekonomi, administration och försäljning",40,80,250,440,360,90,19,school of business
Stockholm School of Business,Stockholm School of Business,Juridik,0,0,0,40,60,60,2,school of business
Stockholms Internationella Handelsskola AB,Stockholms Internationella Handelsskola AB,Data/IT,0,0,0,0,0,0,1,stockholms internationella handelsskola
Stockholms Internationella Handelsskola AB,Stockholms Internationella Handelsskola AB,"Ekonomi, administration och försäljning",60,60,30,125,72,72,9,stockholms internationella handelsskola
Stockholms Stadsmission,Stockholms Stadsmission,Hälso- och sjukvård samt socialt arbete,0,0,0,30,0,0,4,stockholms stadsmission
"Stockholms stad, Frans Schartaus Handelsinstitut","Stockholms stad, Frans Schartaus Handelsinstitut",Data/IT,0,0,0,30,0,0,3,stockholms
"Stockholms stad, Frans Schartaus Handelsinstitut","Stockholms stad, Frans Schartaus Handelsinstitut","Ekonomi, administration och försäljning",30,40,110,165,100,30,8,stockholms
"Stockholms stad, Frans Schartaus Handelsinstitut","Stockholms stad, Frans Schartaus Handelsinstitut",Hälso- och sjukvård samt socialt arbete,0,0,0,80,80,0,1,stockholms
"Stockholms stad, Frans Schartaus Handelsinstitut","Stockholms stad, Frans Schartaus Handelsinstitut",Samhällsbyggnad och byggteknik,0,0,0,0,35,35,1,stockholms
"Stockholms stad, Frans Schartaus Handelsinstitut","Stockholms stad, Frans Schartaus Handelsinstitut",Säkerhetstjänster,0,0,0,0,30,30,1,stockholms
"Stockholms stad, Frans Schartaus Handelsinstitut","Stockholms stad, Frans Schartaus Handelsinstitut",Teknik och tillverkning,0,0,0,0,0,0,1,stockholms
Sunne kommun/Broby Grafiska,Sunne kommun/Broby Grafiska,Data/IT,0,112,0,0,0,0,2,sunne broby grafiska
Sunne kommun/Broby Grafiska,Sunne kommun/Broby Grafiska,"Kultur, media och design",0,56,0,0,0,0,1,sunne broby grafiska
Sunne kommun/Brobygrafiska,Sunne kommun/Brobygrafiska,Data/IT,0,0,0,75,30,30,3,sunne brobygrafiska
Sunne kommun/Brobygrafiska,Sunne kommun/Brobygrafiska,Journalistik och information,0,0,30,55,25,25,3,sunne brobygrafiska
Sunne kommun/Brobygrafiska,Sunne kommun/Brobygrafiska,"Kultur, media och design",0,0,0,0,0,0,1,sunne brobygrafiska
Svensk vård och kompetensutveckling i Stockholm AB,Svensk vård och kompetensutveckling i Stockholm AB,Hälso- och sjukvård samt socialt arbete,50,200,0,0,0,0,1,svensk vård och kompetensutveckling i
Sverigehälsan AB,Sverigehälsan AB,Hälso- och sjukvård samt socialt arbete,70,0,0,80,240,160,9,sverigehälsan
Sveriges Yrkeshögskola AB,Sveriges Yrkeshögskola AB - Göteborg Yrkeshögskola,Data/IT,0,0,0,0,0,0,1,sveriges yrkeshögskola yrkeshögskola
Sveriges Yrkeshögskola,Sveriges Yrkeshögskola AB - Malmö Yrkeshögskola,Data/IT,0,0,0,105,70,35,6,sveriges yrkeshögskola yrkeshögskola
Sveriges Yrkeshögskola,Sveriges Yrkeshögskola AB - Malmö Yrkeshögskola,"Ekonomi, administration och försäljning",175,35,0,0,0,0,5,sveriges yrkeshögskola yrkeshögskola
Sveriges Yrkeshögskola,Sveriges Yrkeshögskola AB - Malmö Yrkeshögskola,Journalistik och information,0,0,0,0,0,0,1,sveriges yrkeshögskola yrkeshögskola
Sveriges Yrkeshögskola,Sveriges Yrkeshögskola AB - Malmö Yrkeshögskola,"Kultur, media och design",0,0,0,0,0,0,1,sveriges yrkeshögskola yrkeshögskola
Sveriges Yrkeshögskola,Sveriges Yrkeshögskola AB - Malmö Yrkeshögskola,Pedagogik och undervisning,0,0,0,0,0,0,1,sveriges yrkeshögskola yrkeshögskola
Sälj & Marknadshögskolan i Sverige AB,Sälj & Marknadshögskolan i Sverige AB,"Ekonomi, administration och försäljning",25,60,105,70,80,80,7,sälj & marknadshögskolan i sverige
Sälj & Marknadshögskolan i Sverige AB,Sälj & Marknadshögskolan i Sverige AB,"Hotell, restaurang och turism",0,0,0,0,0,0,1,sälj & marknadshögskolan i sverige
TCC Sverige AB,TCC Sverige AB,Teknik och tillverkning,0,0,0,30,0,0,1,tcc sverige
TEC Travel Education Centre AB,TEC Travel Education Centre,"Hotell, restaurang och turism",40,0,0,0,0,0,1,tec travel education centre
TEC Travel Education Centre AB,TEC Travel Education Centre AB,"Hotell, restaurang och turism",40,0,0,60,32,32,8,tec travel education centre
TGA Utbildning AB,TGA Utbildning AB,Data/IT,0,35,35,30,0,0,2,tga utbildning
TUC Sweden AB - Yrkeshögskola,TUC Sweden AB - Yrkeshögskola,Data/IT,0,10,165,165,0,0,7,tuc sweden yrkeshögskola
TUC Sweden AB - Yrkeshögskola,TUC Sweden AB - Yrkeshögskola,"Ekonomi, administration och försäljning",30,65,150,150,125,0,10,tuc sweden yrkeshögskola
TUC Sweden AB - Yrkeshögskola,TUC Sweden AB - Yrkeshögskola,"Hotell, restaurang och turism",30,60,30,60,0,0,5,tuc sweden yrkeshögskola
TUC Sweden AB - Yrkeshögskola,TUC Sweden AB - Yrkeshögskola,Hälso- och sjukvård samt socialt arbete,56,179,225,260,240,30,15,tuc sweden yrkeshögskola
TUC Sweden AB - Yrkeshögskola,TUC Sweden AB - Yrkeshögskola,Samhällsbyggnad och byggteknik,40,100,40,145,80,0,11,tuc sweden yrkeshögskola
TUC Sweden AB - Yrkeshögskola,TUC Sweden AB - Yrkeshögskola,Säkerhetstjänster,0,25,60,25,0,0,2,tuc sweden yrkeshögskola
TUC Sweden AB - Yrkeshögskola,TUC Sweden AB - Yrkeshögskola,Teknik och tillverkning,0,0,40,80,0,0,1,tuc sweden yrkeshögskola
TUC Sweden AB - Yrkeshögskola,TUC Sweden AB - yrkeshögskola,Data/IT,20,40,0,0,0,0,3,tuc sweden yrkeshögskola
TUC Sweden AB - Yrkeshögskola,TUC Sweden AB - yrkeshögskola,Samhällsbyggnad och byggteknik,15,55,0,0,0,0,2,tuc sweden yrkeshögskola
Technigo AB,Technigo AB,Data/IT,0,0,0,140,0,0,2,technigo
Technigo AB,Technigo AB,"Ekonomi, administration och försäljning",0,0,0,120,0,0,3,technigo
Tekniska Högskolan i Jönköping AB,Tekniska Högskolan i Jönköping AB,Samhällsbyggnad och byggteknik,20,40,0,0,0,0,1,tekniska högskolan i jönköping
Tekniska Högskolan i Jönköping AB,Tekniska Högskolan i Jönköping AB,Teknik och tillverkning,15,15,60,100,20,0,5,tekniska högskolan i jönköping
Tibro Hantverksakademi,Tibro Hantverksakademi,"Ekonomi, administration och försäljning",0,0,0,20,0,0,1,tibro hantverksakademi
Trelleborgs kommun,Trelleborgs kommun,"Ekonomi, administration och försäljning",0,0,0,25,0,0,1,trelleborgs
Trelleborgs kommun,Trelleborgs kommun,Hälso- och sjukvård samt socialt arbete,60,120,30,60,0,0,3,trelleborgs
Trelleborgs kommun,Trelleborgs kommun,Teknik och tillverkning,0,0,30,60,25,25,2,trelleborgs
"Uddevalla kommun, Vuxenutbildningen","Uddevalla kommun, Vuxenutbildningen","Ekonomi, administration och försäljning",25,0,0,0,0,0,1,uddevalla
Umeå kommun - Dragonskolan,Umeå kommun - Dragonskolan,Teknik och tillverkning,0,0,0,35,0,0,1,dragonskolan
Umeå kommun - Forslundagymnasiet,Umeå kommun - Forslundagymnasiet,"Ekonomi, administration och försäljning",0,0,35,35,0,0,1,forslundagymnasiet
Universal Design Ventures AB ( Under namn ändring till Funka Academy AB),Universal Design Ventures AB ( Under namn ändring till Funka Academy AB),Journalistik och information,0,0,0,80,0,0,2,universal design ventures ( under namn ändring till funka )
Utbildarna i Helsingborg AB,Utbildarna i Helsingborg AB,Pedagogik och undervisning,15,0,0,0,0,0,1,utbildarna i helsingborg
Vetlanda kommun Vetlanda Lärcentrum,Vetlanda kommun Vetlanda Lärcentrum,Samhällsbyggnad och byggteknik,0,0,0,15,0,0,1,vetlanda vetlanda lärcentrum
Vetlanda kommun Vetlanda Lärcentrum,Vetlanda kommun Vetlanda Lärcentrum,Teknik och tillverkning,0,0,0,15,15,0,1,vetlanda vetlanda lärcentrum
"Vilhelmina kommun, Vilhelmina Lärcentrum","Vilhelmina kommun, Vilhelmina Lärcentrum","Ekonomi, administration och försäljning",0,0,30,60,0,0,1,vilhelmina
Västerås Stad/Barn- och Utbildningsförvaltningen/Västerås Yrkeshögskola,Västerås Stad/Barn- och Utbildningsförvaltningen/Västerås Yrkeshögskola,"Ekonomi, administration och försäljning",0,0,0,20,40,0,1,västerås barn och utbildningsförvaltningen västerås yrkeshögskola
Västerås Stad/Barn- och Utbildningsförvaltningen/Västerås Yrkeshögskola,Västerås Stad/Barn- och Utbildningsförvaltningen/Västerås Yrkeshögskola,Teknik och tillverkning,0,20,60,20,40,25,4,västerås barn och utbildningsförvaltningen västerås yrkeshögskola
XeDrix AB,XeDrix AB,Teknik och tillverkning,0,0,0,0,70,70,2,xedrix
Xenter Yrkeshögskola ,Xenter Yrkeshögskola ,"Ekonomi, administration och försäljning",0,0,0,30,25,25,2,xenter yrkeshögskola
Xenter Yrkeshögskola ,Xenter Yrkeshögskola ,Juridik,0,0,0,0,0,0,1,xenter yrkeshögskola
YA Yrkeshögskola AB - Dinnovate,YA Yrkeshögskola AB - Dinnovate,"Ekonomi, administration och försäljning",0,0,0,80,0,0,2,ya yrkeshögskola dinnovate
YH Akademin AB,YH Akademin AB,Data/IT,0,0,0,0,115,115,4,akademin
YH Akademin AB,YH Akademin AB,"Ekonomi, administration och försäljning",0,0,0,0,90,90,6,akademin
YH Akademin AB,YH Akademin AB,"Hotell, restaurang och turism",0,0,0,0,0,0,3,akademin
YH Akademin AB,YH Akademin AB,Hälso- och sjukvård samt socialt arbete,0,0,0,0,0,0,4,akademin
YH Akademin AB,YH Akademin AB,Juridik,0,0,0,0,0,0,2,akademin
YH Akademin AB,YH Akademin AB,Samhällsbyggnad och byggteknik,0,0,0,0,65,65,6,akademin
YH Akademin AB,YH Akademin AB,Teknik och tillverkning,0,0,0,0,165,165,10,akademin
YH Akademin,YH Akademin(Marknad),"Ekonomi, administration och försäljning",0,0,0,0,0,0,1,akademin(marknad)
YrkesAkademin YH AB,YrkesAkademin YH AB,Data/IT,0,60,160,230,90,0,8,yrkesakademin
YrkesAkademin YH AB,YrkesAkademin YH AB,"Ekonomi, administration och försäljning",40,35,150,365,25,0,12,yrkesakademin
YrkesAkademin YH AB,YrkesAkademin YH AB,"Hotell, restaurang och turism",70,30,90,160,70,0,12,yrkesakademin
YrkesAkademin YH AB,YrkesAkademin YH AB,Hälso- och sjukvård samt socialt arbete,45,0,0,80,0,0,5,yrkesakademin
YrkesAkademin YH AB,YrkesAkademin YH AB,Juridik,0,0,0,35,0,0,1,yrkesakademin
YrkesAkademin YH AB,YrkesAkademin YH AB,"Lantbruk, djurvård, trädgård, skog och fiske",0,0,35,60,0,0,2,yrkesakademin
YrkesAkademin YH AB,YrkesAkademin YH AB,Pedagogik och undervisning,60,0,0,0,0,0,3,yrkesakademin
YrkesAkademin YH AB,YrkesAkademin YH AB,Samhällsbyggnad och byggteknik,80,0,20,195,50,0,8,yrkesakademin
YrkesAkademin YH AB,YrkesAkademin YH AB,Teknik och tillverkning,160,175,315,485,205,0,22,yrkesakademin
YrkesAkademin YH AB,YrkesAkademin YH AB,Transporttjänster,0,30,60,0,0,0,1,yrkesakademin
YrkesAkademin YH AB,Yrkesakademin YH AB,"Hotell, restaurang och turism",60,30,0,0,0,0,6,yrkesakademin
"Älmhults kommun, Haganässkolan","Älmhults kommun, Haganässkolan","Kultur, media och design",0,0,0,0,0,0,1,älmhults
Åsbro Kursgård AB,Åsbro Kursgård AB,Teknik och tillverkning,0,0,0,0,0,0,2,åsbro kursgård
Östsvenska Yrkeshögskolan AB,Östsvenska Yrkeshögskolan AB,Data/IT,30,30,0,0,0,0,1,östsvenska yrkeshögskolan
Östsvenska Yrkeshögskolan AB,Östsvenska Yrkeshögskolan AB,"Ekonomi, administration och försäljning",0,0,25,50,20,40,3,östsvenska yrkeshögskolan
Östsvenska Yrkeshögskolan AB,Östsvenska Yrkeshögskolan AB,Samhällsbyggnad och byggteknik,30,60,120,0,0,0,3,östsvenska yrkeshögskolan
Östsvenska Yrkeshögskolan AB,Östsvenska Yrkeshögskolan AB,Teknik och tillverkning,60,60,0,0,0,0,3,östsvenska yrkeshögskolan
